index_definition,anchor_type,direction,family,commodity,episodes,draw_universe_episodes,mean_return,median_return,positive_share,return_direction,sign_agreement,standard_error,t_statistic,confidence_level,ci_lower,ci_upper,bootstrap_p_value,bootstrap_p_value_method,centered_p_value,studentized_p_value,studentized_ci_lower,studentized_ci_upper,studentized_valid_replicates,studentized_status,bootstrap_bh_q_value,reject_bootstrap_fdr,reject_bootstrap_raw
roni,retrospective,warm,candidates,"Banana, US",16,16,-0.058221970103969505,-0.033608051443414666,0.3125,negative,True,0.09038128385251983,-0.6441817113261362,0.95,-0.21983523547406092,0.1259936644195123,0.538046195380462,studentized,0.5101489851014899,0.538046195380462,-0.22427544363779667,0.1843169238041982,10000,estimated,0.6456554344565544,False,
roni,retrospective,warm,candidates,Barley,15,16,0.21192852652959732,0.09264093242417326,0.8,positive,True,0.0835176437999289,2.537529998299326,0.95,0.06258149398197156,0.3778967456927174,0.033096690330966905,studentized,0.007499250074992501,0.033096690330966905,0.055113972032493436,0.4343899402324609,10000,estimated,0.11317050113170501,False,
roni,retrospective,warm,candidates,Beef **,16,16,0.002861689277098893,-0.09406530558980708,0.4375,positive,False,0.06424198177426556,0.04454547008145452,0.95,-0.11253769621210283,0.13085001025824863,0.9657034296570343,studentized,0.9641035896410359,0.9657034296570343,-0.11799240638136216,0.17345640602959592,10000,estimated,0.9782021797820218,False,
roni,retrospective,warm,candidates,Chicken **,16,16,0.005950452591432537,-0.02162324204879551,0.5,positive,False,0.02938619164352879,0.20249145120997336,0.95,-0.04703708285996213,0.06270837015964939,0.8372162783721628,studentized,0.8347165283471653,0.8372162783721628,-0.05158566049894977,0.07797344365890387,10000,estimated,0.9302403093024032,False,
roni,retrospective,warm,candidates,"Coal, Australian",16,16,-0.15501049121811442,-0.19686471010090673,0.1875,negative,True,0.0423415986985709,-3.660950365186525,0.95,-0.23116654599802652,-0.07263241151894609,0.0057994200579942,studentized,0.00019998000199980003,0.0057994200579942,-0.2335669101339689,-0.046260826230242,10000,estimated,0.028997100289971,True,
roni,retrospective,warm,candidates,Cocoa,16,16,0.24125687657907596,0.10071196006473349,0.8125,positive,True,0.11001915238890925,2.1928625274829554,0.95,0.0449332524728104,0.4563703516546357,0.062493750624937505,studentized,0.019498050194980503,0.062493750624937505,0.04799082157827636,0.5645820451928516,10000,estimated,0.12518748125187482,False,
roni,retrospective,warm,candidates,Coconut oil,16,16,0.9102153691327809,0.8672068989283125,0.9375,positive,True,0.16535535841099638,5.504601591866225,0.95,0.6119746991340389,1.2320732546916393,0.00029997000299970003,studentized,9.999000099990002e-05,0.00029997000299970003,0.5985116817012385,1.3287497204680356,10000,estimated,0.0044995500449955,True,
roni,retrospective,warm,candidates,"Coffee, Arabica",16,16,0.17783024295062302,0.20888226420966216,0.75,positive,True,0.08443323768018292,2.1061639685571487,0.95,0.02017224713823126,0.3377768876423323,0.053594640535946404,studentized,0.027797220277972202,0.053594640535946404,-0.0060993837819824925,0.3559692525750373,10000,estimated,0.12367993969833785,False,
roni,retrospective,warm,candidates,"Coffee, Robusta",16,16,0.33473534381267006,0.3517616593429578,0.75,positive,True,0.08590059347616343,3.8967756829940394,0.95,0.17367776840576366,0.49570427008691914,0.0025997400259974,studentized,0.00019998000199980003,0.0025997400259974,0.151228584214926,0.51987717581976,10000,estimated,0.0194980501949805,True,
roni,retrospective,warm,candidates,"Cotton, A Index",16,16,0.17934641707977594,-0.10611377338934086,0.375,positive,False,0.1721842668796111,1.0415958457178467,0.95,-0.12332341793699499,0.5170384956576829,0.31416858314168583,studentized,0.2802719728027197,0.31416858314168583,-0.11391559334496232,0.7746263222462881,10000,estimated,0.44881226163097976,False,
roni,retrospective,warm,candidates,DAP,16,16,0.23310204872805484,0.10073923950209607,0.625,positive,True,0.1057947611313732,2.2033420770107393,0.95,0.039651358256501935,0.44529537030977917,0.06259374062593741,studentized,0.022797720227977204,0.06259374062593741,0.044462466792646815,0.5462447510169398,10000,estimated,0.12518748125187482,False,
roni,retrospective,warm,candidates,Fish meal,13,16,0.17044556227907967,0.04020314329132613,0.5384615384615384,positive,True,0.0734765482961136,2.3197273991720033,0.95,0.03658142199538998,0.3127502638638232,0.04739526047395261,studentized,0.014698530146985302,0.04739526047395261,0.029074382843301327,0.36517757037228393,10000,estimated,0.11848815118488153,False,
roni,retrospective,warm,candidates,Groundnut oil **,16,16,0.13993956011008596,0.047085142284499004,0.5625,positive,True,0.08966938348272162,1.5606169539132706,0.95,-0.01609994423547118,0.3237828084679736,0.15478452154784522,studentized,0.10468953104689531,0.15478452154784522,-0.015378602374096745,0.4045705565131548,10000,estimated,0.257974202579742,False,
roni,retrospective,warm,candidates,Lamb **,16,16,-0.043987216938614675,-0.06229102673451142,0.375,negative,True,0.052289378924306726,-0.8412266093710898,0.95,-0.13823055021535208,0.06258634642695084,0.41785821417858215,studentized,0.38216178382161786,0.41785821417858215,-0.13814497923029243,0.09239730209543393,10000,estimated,0.5540315533664024,False,
roni,retrospective,warm,candidates,"Logs, Malaysian",16,16,0.14252471469500158,0.1540853053479958,0.75,positive,True,0.064519064757253,2.2090325585350254,0.95,0.02165235759849552,0.2689157969024702,0.041495850414958506,studentized,0.025797420257974202,0.041495850414958506,0.009859315156348997,0.2841030753247522,10000,estimated,0.11317050113170501,False,
roni,retrospective,warm,candidates,Maize,16,16,0.11862493913318214,0.15722753324562377,0.75,positive,True,0.06485972051557096,1.828946196348529,0.95,-0.008128782349166032,0.23776490546971768,0.09309069093090691,studentized,0.058394160583941604,0.09309069093090691,-0.03961206251569166,0.24604099158902004,10000,estimated,0.17454504549545047,False,
roni,retrospective,warm,candidates,"Natural gas, Europe",16,16,-0.2790562442568452,-0.3577168117905167,0.0625,negative,True,0.05917432329314716,-4.715833299426376,0.95,-0.38213947418954947,-0.16071491300769608,0.0024997500249975004,studentized,9.999000099990002e-05,0.0024997500249975004,-0.38367016856870517,-0.10915926587029401,10000,estimated,0.0194980501949805,True,
roni,retrospective,warm,candidates,"Natural gas, US",16,16,-0.08866282170431085,-0.14390018859063847,0.25,negative,True,0.05941013476327055,-1.4923854668500995,0.95,-0.190776899412401,0.03326683455311543,0.17168283171682833,studentized,0.11858814118588142,0.17168283171682833,-0.19553643896906403,0.08130723312262646,10000,estimated,0.2710781553423605,False,
roni,retrospective,warm,candidates,Orange,16,16,0.005092989934869008,-0.03731723486269112,0.4375,positive,False,0.06857989775434216,0.07426359766694962,0.95,-0.11850654449793416,0.14178928965825827,0.9422057794220577,studentized,0.9391060893910609,0.9422057794220577,-0.12168758669466492,0.18764727527392053,10000,estimated,0.9782021797820218,False,
roni,retrospective,warm,candidates,Palm oil,16,16,0.4300078863195652,0.45739271160483796,0.9375,positive,True,0.05931470880515565,7.249599550966502,0.95,0.3168235077082111,0.5398703241390014,9.999000099990002e-05,studentized,9.999000099990002e-05,9.999000099990002e-05,0.30009648754126383,0.552807615279265,10000,estimated,0.0029997000299970007,True,
roni,retrospective,warm,candidates,"Rice, Thai 5%",16,16,0.18917422941343426,0.14703367791082267,0.875,positive,True,0.048754180821288316,3.8801642490285078,0.95,0.10239879503432359,0.2859773085562388,0.0046995300469953,studentized,9.999000099990002e-05,0.0046995300469953,0.09993164955985706,0.3192694573996473,10000,estimated,0.028197180281971802,True,
roni,retrospective,warm,candidates,"Rubber, RSS3",16,16,0.30871615215571413,0.24005553102402022,0.8125,positive,True,0.09491552119930642,3.2525360262992478,0.95,0.14104373837686768,0.49856824868705735,0.014598540145985401,studentized,0.0010998900109989002,0.014598540145985401,0.13459179180958802,0.5685684760812375,10000,estimated,0.06256517205422314,False,
roni,retrospective,warm,candidates,"Shrimps, Mexican",15,16,-0.0014344287057672803,0.024734974320273162,0.5333333333333333,negative,False,0.04854920278720326,-0.029545875594591042,0.95,-0.09673379397628776,0.08366406868530375,0.9782021797820218,studentized,0.9775022497750225,0.9782021797820218,-0.13869884283643202,0.08327285441105006,10000,estimated,0.9782021797820218,False,
roni,retrospective,warm,candidates,Sorghum,15,16,0.07791451197561702,0.020305896199651396,0.6,positive,True,0.06968309970401451,1.118126379374141,0.95,-0.0475953711139422,0.21619949320561827,0.28717128287171284,studentized,0.24527547245275472,0.28717128287171284,-0.053399069615862355,0.25400024507673324,10000,estimated,0.4307569243075693,False,
roni,retrospective,warm,candidates,Soybeans,16,16,0.14724975397866877,0.1361459922199516,0.6875,positive,True,0.06303627933664555,2.335952494789243,0.95,0.03267548381857724,0.2710687099215376,0.03849615038496151,studentized,0.016298370162983702,0.03849615038496151,0.022041179813616918,0.298321932474115,10000,estimated,0.11317050113170501,False,
roni,retrospective,warm,candidates,"Sugar, world",16,16,0.09349621210787826,0.07123282206644754,0.5,positive,False,0.11396402181585677,0.8204011285153623,0.95,-0.11538476137263609,0.3139517617843846,0.42475752424757524,studentized,0.39466053394660533,0.42475752424757524,-0.1222802682281316,0.3767434823658036,10000,estimated,0.5540315533664024,False,
roni,retrospective,warm,candidates,"Tea, avg 3 auctions",16,16,0.13012255579251575,0.08373204620339447,0.75,positive,True,0.06804593242210255,1.912275299357197,0.95,0.008247797324623576,0.2653326463235214,0.1060893910608939,studentized,0.046995300469953004,0.1060893910608939,0.013466042332696215,0.33284705941749315,10000,estimated,0.187216572460401,False,
roni,retrospective,warm,candidates,"Tobacco, US import u.v.",16,16,-0.012236501928457252,-0.01848236524513769,0.375,negative,True,0.016467055169726415,-0.7430898726174943,0.95,-0.04174369036550449,0.020503624253779065,0.47705229477052297,studentized,0.45125487451254875,0.47705229477052297,-0.043107723453731636,0.0292020186996568,10000,estimated,0.5963153684631537,False,
roni,retrospective,warm,candidates,Urea,16,16,0.253417086319243,0.1732691116990298,0.625,positive,True,0.10117300853745165,2.504789468877309,0.95,0.07156523634389345,0.453751952391298,0.0347965203479652,studentized,0.008599140085991401,0.0347965203479652,0.06093326494422319,0.515743081510641,10000,estimated,0.11317050113170501,False,
roni,retrospective,warm,candidates,"Wheat, US HRW",16,16,0.024980572986425878,0.041625408820976206,0.625,positive,True,0.06391245965186208,0.39085607286118695,0.95,-0.09522201109005617,0.1472838305247643,0.6955304469553044,studentized,0.6888311168883112,0.6955304469553044,-0.1159237802912448,0.1584391535320805,10000,estimated,0.8025351311022744,False,
roni,retrospective,warm,controls,Gold,16,16,0.1869272397192121,0.10638783368371585,0.6875,positive,True,0.06911826960864073,2.704454853653391,0.95,0.060489398527561654,0.3235086062006093,0.027497250274972504,studentized,0.005499450054994501,0.027497250274972504,0.05648585311510401,0.3704892515761418,10000,estimated,,,True
roni,retrospective,warm,controls,Platinum,16,16,0.10230264020044685,0.05871205456491557,0.625,positive,True,0.07794637030351811,1.312474715654969,0.95,-0.03603815828316389,0.26274506481275245,0.22747725227477253,studentized,0.1688831116888311,0.22747725227477253,-0.03254402828467154,0.32658179005003435,10000,estimated,,,False
roni,retrospective,warm,controls,Silver,16,16,0.36555175851424015,0.21761753719019872,0.625,positive,True,0.2499281750167773,1.462627246766801,0.95,-0.001060854860602767,0.9178354538989386,0.3281671832816718,studentized,0.1080891910808919,0.3281671832816718,-0.0007423299707838837,1.459441237330894,10000,estimated,,,False
roni,retrospective,cold,candidates,"Banana, US",17,17,-0.08026494916849151,-0.162267014978567,0.4117647058823529,negative,True,0.052245112698581155,-1.5363149780452345,0.95,-0.1798818995571081,0.02042101108827391,0.14858514148585142,studentized,0.11838816118388161,0.14858514148585142,-0.19138690173119532,0.03409678259796661,10000,estimated,0.224977502249775,False,
roni,retrospective,cold,candidates,Barley,15,17,0.1783385756909618,0.1292245839647137,0.8,positive,True,0.0628059076732049,2.8395191200627607,0.95,0.06266978166112383,0.303440738773079,0.0230976902309769,studentized,0.0028997100289971,0.0230976902309769,0.06121959514668726,0.346336462717876,10000,estimated,0.098990100989901,False,
roni,retrospective,cold,candidates,Beef **,17,17,0.03059696215360195,0.0017421304636129342,0.5294117647058824,positive,True,0.04847996180542873,0.6311259541911548,0.95,-0.056797485915637234,0.12222114939994175,0.5281471852814719,studentized,0.5093490650934906,0.5281471852814719,-0.056469648916837124,0.1628042567187349,10000,estimated,0.586830205868302,False,
roni,retrospective,cold,candidates,Chicken **,17,17,0.08511823586141987,0.025648686040761204,0.5882352941176471,positive,True,0.052132713545489824,1.6327221445541602,0.95,-0.006024170516035368,0.193044427389759,0.13978602139786023,studentized,0.08869113088691132,0.13978602139786023,-0.006667151600245919,0.2354395072125812,10000,estimated,0.224977502249775,False,
roni,retrospective,cold,candidates,"Coal, Australian",17,17,-0.04019157333582813,-0.11267431316691723,0.4117647058823529,negative,True,0.067583089446758,-0.5946986689250285,0.95,-0.1639221976619656,0.09665745949564496,0.5598440155984401,studentized,0.5405459454054594,0.5598440155984401,-0.16352787281819287,0.1508126317778709,10000,estimated,0.5998328738554716,False,
roni,retrospective,cold,candidates,Cocoa,17,17,0.2042736914391264,0.05754992129045555,0.7058823529411765,positive,True,0.11726318748653132,1.7420103940342657,0.95,0.00428245149427363,0.44230305957750127,0.133986601339866,studentized,0.06529347065293471,0.133986601339866,0.012393954729964074,0.5942339345538342,10000,estimated,0.224977502249775,False,
roni,retrospective,cold,candidates,Coconut oil,17,17,0.6596449278517449,0.49909619757754453,0.8235294117647058,positive,True,0.17857859941346363,3.693863262554024,0.95,0.32409659827173154,0.9969739276964823,0.0032996700329967,studentized,0.00019998000199980003,0.0032996700329967,0.3190347672821052,1.077636256861135,10000,estimated,0.098990100989901,False,
roni,retrospective,cold,candidates,"Coffee, Arabica",17,17,0.3948115550218332,0.21815877731737543,0.7058823529411765,positive,True,0.15502858331167552,2.546701689378717,0.95,0.13246238107583722,0.7122661985014094,0.06329367063293671,studentized,0.008799120087991202,0.06329367063293671,0.1383995165481039,1.014557384849706,10000,estimated,0.17261910172619105,False,
roni,retrospective,cold,candidates,"Coffee, Robusta",17,17,0.3417313310334638,0.19559741833983835,0.7647058823529411,positive,True,0.12076939111867561,2.82961872928263,0.95,0.1274154639897592,0.5718455770980145,0.022497750224977502,studentized,0.0028997100289971,0.022497750224977502,0.13575800252957732,0.6681871133344652,10000,estimated,0.098990100989901,False,
roni,retrospective,cold,candidates,"Cotton, A Index",17,17,0.18861203730445122,-0.04226984904031683,0.47058823529411764,positive,False,0.16834291017049274,1.1204038062157207,0.95,-0.07348448182204997,0.5515009947997969,0.33796620337966204,studentized,0.25417458254174585,0.33796620337966204,-0.06116556805060916,1.1385086425349185,10000,estimated,0.42245775422457754,False,
roni,retrospective,cold,candidates,DAP,17,17,0.23845247479716647,0.11798695379621926,0.7058823529411765,positive,True,0.13549605793811464,1.7598480607168312,0.95,0.0019530482327489997,0.5158203411722978,0.12768723127687232,studentized,0.06769323067693231,0.12768723127687232,0.007113724499144408,0.6827181065417083,10000,estimated,0.224977502249775,False,
roni,retrospective,cold,candidates,Fish meal,15,17,0.027421345063192257,0.003140001528041614,0.5333333333333333,positive,True,0.051602309847942084,0.5313976282068665,0.95,-0.07101643640528073,0.12599091277125068,0.599040095990401,studentized,0.5821417858214178,0.599040095990401,-0.0737116500722347,0.1581387838036064,10000,estimated,0.6196966510245528,False,
roni,retrospective,cold,candidates,Groundnut oil **,17,17,0.1460654989094679,-0.0137384436914888,0.47058823529411764,positive,False,0.0919835707048331,1.5879520417638362,0.95,-0.016703997607777327,0.3314498243687827,0.14998500149985,studentized,0.10168983101689831,0.14998500149985,-0.01809529173465002,0.4152401295269242,10000,estimated,0.224977502249775,False,
roni,retrospective,cold,candidates,Lamb **,17,17,0.07026451700092819,-0.023994536973882985,0.47058823529411764,positive,False,0.07700978207554428,0.9124102822677879,0.95,-0.05588470924798923,0.23128764613405728,0.4076592340765923,studentized,0.34666533346665335,0.4076592340765923,-0.050978469883179556,0.31841097117706235,10000,estimated,0.48537453946913,False,
roni,retrospective,cold,candidates,"Logs, Malaysian",17,17,0.17928657213679355,0.12277902792951445,0.8235294117647058,positive,True,0.05576816873732702,3.2148549288259596,0.95,0.07786225988759111,0.28720554546906835,0.011998800119988001,studentized,0.0008999100089991,0.011998800119988001,0.07605225145150717,0.3232655861028211,10000,estimated,0.098990100989901,False,
roni,retrospective,cold,candidates,Maize,17,17,0.2546807253901684,0.21456487267780466,0.7058823529411765,positive,True,0.08425977838501185,3.02256581101418,0.95,0.10212451807598005,0.4195829395735197,0.0163983601639836,studentized,0.0022997700229977,0.0163983601639836,0.0997150266100886,0.47625182915503683,10000,estimated,0.098990100989901,False,
roni,retrospective,cold,candidates,"Natural gas, Europe",17,17,-0.10998838415305592,-0.13390830134701837,0.23529411764705882,negative,True,0.053379363148961995,-2.0605038663747104,0.95,-0.20044044874747033,0.0004339306508891899,0.0810918908109189,studentized,0.033396660333966606,0.0810918908109189,-0.20091951400239338,0.038080189604728004,10000,estimated,0.1871351326405821,False,
roni,retrospective,cold,candidates,"Natural gas, US",17,17,-0.16110520186201746,-0.17494162460719387,0.29411764705882354,negative,True,0.07013491902876048,-2.2970754667293827,0.95,-0.2965156659073114,-0.03068638950203662,0.036896310368963105,studentized,0.015598440155984402,0.036896310368963105,-0.3163423337574989,-0.018447651449447905,10000,estimated,0.12298770122987701,False,
roni,retrospective,cold,candidates,Orange,17,17,-0.0165872212050981,-0.08146607239584103,0.4117647058823529,negative,True,0.0709750101049359,-0.23370509113805052,0.95,-0.15099514092880834,0.12010394416539336,0.8095190480951905,studentized,0.8067193280671933,0.8095190480951905,-0.1619363362139133,0.14332983596027254,10000,estimated,0.8095190480951905,False,
roni,retrospective,cold,candidates,Palm oil,17,17,0.3119705655407518,0.3099559545572359,0.7058823529411765,positive,True,0.10060532682606486,3.1009348648120127,0.95,0.12551458612999777,0.5031425056954464,0.007399260073992601,studentized,0.0007999200079992001,0.007399260073992601,0.11637655966469387,0.5486779598886022,10000,estimated,0.098990100989901,False,
roni,retrospective,cold,candidates,"Rice, Thai 5%",17,17,0.27565959213378216,0.06085086212425517,0.5882352941176471,positive,True,0.18563306709534033,1.4849703043057765,0.95,-0.03636212982584913,0.6641839060000647,0.18738126187381263,studentized,0.11898810118988101,0.18738126187381263,-0.016328491726297634,1.3491341813671238,10000,estimated,0.26768751696258947,False,
roni,retrospective,cold,candidates,"Rubber, RSS3",17,17,0.281981390332482,0.11192530662312805,0.7058823529411765,positive,True,0.09702458012454107,2.90628817945442,0.95,0.11199036451787696,0.4787348022726569,0.018998100189981004,studentized,0.0032996700329967,0.018998100189981004,0.10722067486825601,0.5355268852294234,10000,estimated,0.098990100989901,False,
roni,retrospective,cold,candidates,"Shrimps, Mexican",16,17,-0.05206862762343631,-0.04726337029966238,0.3125,negative,True,0.052533873104964816,-0.99114389528069,0.95,-0.15171293847385947,0.045948659224933255,0.33566643335666435,studentized,0.3037696230376962,0.33566643335666435,-0.16237007643844334,0.061081104257657545,10000,estimated,0.42245775422457754,False,
roni,retrospective,cold,candidates,Sorghum,15,17,0.15180940259042155,0.07250251305315092,0.6666666666666666,positive,True,0.08825134461375671,1.720193649794627,0.95,-0.0063443552374881,0.3237735438988455,0.11138886111388861,studentized,0.0725927407259274,0.11138886111388861,-0.015839182040031458,0.3786515249302155,10000,estimated,0.22277772222777723,False,
roni,retrospective,cold,candidates,Soybeans,17,17,0.11283148247507964,0.10631675186923628,0.6470588235294118,positive,True,0.06183534984547989,1.8247084031550524,0.95,-0.008322866799298306,0.22845482216317473,0.08899110088991101,studentized,0.06229377062293771,0.08899110088991101,-0.03168583008746316,0.23687581908156807,10000,estimated,0.19069521619266647,False,
roni,retrospective,cold,candidates,"Sugar, world",17,17,0.12047358699103435,0.06790061964124239,0.5294117647058824,positive,True,0.13351196394655984,0.9023430067979203,0.95,-0.0991992213780332,0.4024955815932954,0.4206579342065793,studentized,0.3584641535846415,0.4206579342065793,-0.08522644261387223,0.5718825546942793,10000,estimated,0.48537453946913,False,
roni,retrospective,cold,candidates,"Tea, avg 3 auctions",17,17,0.1384379441239902,0.14902676374339618,0.7058823529411765,positive,True,0.06602256758993583,2.0968276329970092,0.95,0.015804039621901002,0.26894168009043595,0.055694430556944306,studentized,0.032996700329967,0.055694430556944306,0.00918044176352939,0.2907356476411626,10000,estimated,0.1670832916708329,False,
roni,retrospective,cold,candidates,"Tobacco, US import u.v.",17,17,0.054906178816032936,0.05861721790957253,0.7058823529411765,positive,True,0.027818232470822345,1.973747932174421,0.95,0.0007591936048570605,0.10549073688510882,0.070992900709929,studentized,0.0382961703829617,0.070992900709929,-0.009888450424201875,0.11062049447578637,10000,estimated,0.1774822517748225,False,
roni,retrospective,cold,candidates,Urea,17,17,0.34276368501808036,0.3182501138062561,0.7058823529411765,positive,True,0.1413395502948185,2.4251080769898703,0.95,0.08246210594467955,0.623134260793143,0.0301969803019698,studentized,0.014598540145985401,0.0301969803019698,0.06445451868138424,0.6731750559944117,10000,estimated,0.11323867613238675,False,
roni,retrospective,cold,candidates,"Wheat, US HRW",17,17,0.06744718148854464,0.009305832514902468,0.5294117647058824,positive,True,0.05268283393759526,1.28024968376679,0.95,-0.021208452430618193,0.17785894838501487,0.25077492250774924,studentized,0.18338166183381663,0.25077492250774924,-0.02023346430774245,0.24046992449957433,10000,estimated,0.34196580341965804,False,
roni,retrospective,cold,controls,Gold,17,17,0.13279939057726284,0.08440871493891589,0.5882352941176471,positive,True,0.06742000899730223,1.969732614283346,0.95,0.014169512518273478,0.2657123497103734,0.08699130086991301,studentized,0.037696230376962306,0.08699130086991301,0.01861531782893941,0.32643901740807263,10000,estimated,,,False
roni,retrospective,cold,controls,Platinum,17,17,0.0925129352806979,-0.013933491937344722,0.47058823529411764,positive,False,0.10378528439618841,0.8913877898868628,0.95,-0.05800605733429178,0.31789423323648053,0.4587541245875412,studentized,0.37846215378462156,0.4587541245875412,-0.05569917111866288,0.5610100942463859,10000,estimated,,,False
roni,retrospective,cold,controls,Silver,17,17,0.48742232547565223,0.2113660297624429,0.7058823529411765,positive,True,0.28715398560400435,1.697424900616999,0.95,0.0863014207560498,1.1018243121853135,0.3113688631136886,studentized,0.065993400659934,0.3113688631136886,0.08766536729264224,2.276995338966314,10000,estimated,,,False
roni,observable,warm,candidates,"Banana, US",16,16,-0.04966675973448476,-0.025193600912454372,0.5,negative,False,0.06681323477736213,-0.7433670873740275,0.95,-0.17601176843544553,0.07537791803739227,0.45415458454154584,studentized,0.44165583441655837,0.45415458454154584,-0.1907724289714605,0.09407057945764785,10000,estimated,0.5116155051161551,False,
roni,observable,warm,candidates,Barley,15,16,0.2585556669444273,0.1758962327541007,0.7333333333333333,positive,True,0.09310273955150368,2.7771005256123145,0.95,0.0939936745492155,0.44771697090947393,0.027697230276972302,studentized,0.005499450054994501,0.027697230276972302,0.09054040560454357,0.5226340869589352,10000,estimated,0.16618338166183383,False,
roni,observable,warm,candidates,Beef **,16,16,0.030318772554903686,0.027665769636539272,0.5,positive,False,0.06156345668175358,0.49248002287515613,0.95,-0.08307707072054275,0.14884938761109154,0.6196380361963804,studentized,0.6093390660933906,0.6196380361963804,-0.0902758923367928,0.17589025979468687,10000,estimated,0.6410048650307383,False,
roni,observable,warm,candidates,Chicken **,16,16,0.03708938574517036,0.06151462384605144,0.6875,positive,True,0.03882319601103056,0.9553408672133127,0.95,-0.04220750289099111,0.10353270563619542,0.36626337366263373,studentized,0.32596740325967405,0.36626337366263373,-0.07205226924522909,0.10491417237286055,10000,estimated,0.4395160483951605,False,
roni,observable,warm,candidates,"Coal, Australian",16,16,-0.11532320872593851,-0.13211747432357407,0.25,negative,True,0.053638046755501045,-2.150026253782463,0.95,-0.21005402812801757,-0.006268006868664366,0.0660933906609339,studentized,0.027597240275972403,0.0660933906609339,-0.2115979710432538,0.030414334919426328,10000,estimated,0.18038196180381963,False,
roni,observable,warm,candidates,Cocoa,16,16,0.20146921338640567,0.014893383069251698,0.5,positive,False,0.11633772707617823,1.7317616430178588,0.95,0.0006470491087124,0.44013538114522266,0.12448755124487551,studentized,0.07089291070892911,0.12448755124487551,-0.0004612941961317507,0.5796978588933592,10000,estimated,0.1973486861840132,False,
roni,observable,warm,candidates,Coconut oil,16,16,0.9974621757107586,0.974546051834402,0.9375,positive,True,0.2177370918583978,4.581039303856616,0.95,0.6191420942535829,1.428383586073392,0.001999800019998,studentized,9.999000099990002e-05,0.001999800019998,0.612445672083916,1.5846307931956223,10000,estimated,0.020247975202479753,True,
roni,observable,warm,candidates,"Coffee, Arabica",16,16,0.38730210321880376,0.3977973228302033,0.6875,positive,True,0.17504808830160906,2.212546889123859,0.95,0.09200287479107551,0.7416601972037101,0.09019098090190981,studentized,0.020397960203979604,0.09019098090190981,0.10953721273778855,0.9643632235890116,10000,estimated,0.18038196180381963,False,
roni,observable,warm,candidates,"Coffee, Robusta",16,16,0.5435854659250969,0.3525686068470816,0.75,positive,True,0.1914007117345224,2.840038895357211,0.95,0.23516971680786844,0.9362240699025765,0.05679432056794321,studentized,0.0053994600539946005,0.05679432056794321,0.24946525496772065,1.222560568381717,10000,estimated,0.18038196180381963,False,
roni,observable,warm,candidates,"Cotton, A Index",16,16,0.2013069607435086,-0.04234511206484537,0.5,positive,False,0.17294226947145813,1.1640124843899524,0.95,-0.09100068241735519,0.5555770029398418,0.2742725727427257,studentized,0.22507749225077492,0.2742725727427257,-0.09296739679459351,0.754555064805451,10000,estimated,0.36739804280441524,False,
roni,observable,warm,candidates,DAP,16,16,0.21138054124225508,0.11033516316524505,0.625,positive,True,0.10966092357787444,1.9275830837968972,0.95,0.02512512158397467,0.43278627150629767,0.11288871112888711,studentized,0.04229577042295771,0.11288871112888711,0.03113093887277754,0.5882831783354944,10000,estimated,0.1973486861840132,False,
roni,observable,warm,candidates,Fish meal,13,16,0.19535478988676303,0.08924380790522313,0.6923076923076923,positive,True,0.08048843837741441,2.427116165066272,0.95,0.05679793564727283,0.36037018649929453,0.059394060593940604,studentized,0.012798720127987202,0.059394060593940604,0.0529676074965629,0.4850020453908733,10000,estimated,0.18038196180381963,False,
roni,observable,warm,candidates,Groundnut oil **,16,16,0.2052209548326855,0.16676141950631007,0.5625,positive,True,0.09898089561471056,2.073339037378699,0.95,0.031472384104349174,0.4020905913538082,0.07599240075992401,studentized,0.029097090290970903,0.07599240075992401,0.03172682302377591,0.5008785151803903,10000,estimated,0.18038196180381963,False,
roni,observable,warm,candidates,Lamb **,16,16,-0.03759659831156076,-0.05523849268083503,0.3125,negative,True,0.06729917663548589,-0.5586487114871568,0.95,-0.14343348340134657,0.10568925091324143,0.6103389661033897,studentized,0.571042895710429,0.6103389661033897,-0.13761818775354168,0.19590417067629542,10000,estimated,0.6410048650307383,False,
roni,observable,warm,candidates,"Logs, Malaysian",16,16,0.17236945397122322,0.13419076207462832,0.75,positive,True,0.0883130083781248,1.9518014065742015,0.95,0.020597690190669694,0.3543128568326721,0.0857914208579142,studentized,0.042495750424957505,0.0857914208579142,0.019225697706412248,0.40799658029324837,10000,estimated,0.18038196180381963,False,
roni,observable,warm,candidates,Maize,16,16,0.2045656629192426,0.075453341276433,0.625,positive,True,0.09558945423838985,2.1400442606260497,0.95,0.04724663740027233,0.403800128532374,0.08389161083891611,studentized,0.025397460253974602,0.08389161083891611,0.042623188002093,0.5265153743785616,10000,estimated,0.18038196180381963,False,
roni,observable,warm,candidates,"Natural gas, Europe",16,16,-0.272670469951034,-0.2846270995383579,0.0625,negative,True,0.037288079012514276,-7.312537335579098,0.95,-0.3413173898669829,-0.19999949677014284,9.999000099990002e-05,studentized,9.999000099990002e-05,9.999000099990002e-05,-0.34627754216306056,-0.18352493881583992,10000,estimated,0.0029997000299970007,True,
roni,observable,warm,candidates,"Natural gas, US",16,16,-0.05205518380874702,-0.10614627668106252,0.4375,negative,True,0.06976729612266784,-0.746125859847304,0.95,-0.18134050623195172,0.08260734114776383,0.46045395460453953,studentized,0.44355564443555645,0.46045395460453953,-0.19463703747140154,0.10312277234745384,10000,estimated,0.5116155051161551,False,
roni,observable,warm,candidates,Orange,16,16,0.12454236059911579,0.19158510306621912,0.625,positive,True,0.07315290960660238,1.7024936023580295,0.95,-0.015914236880556674,0.26686336021806695,0.11358864113588642,studentized,0.0847915208479152,0.11358864113588642,-0.03461580394875101,0.28738192437518023,10000,estimated,0.1973486861840132,False,
roni,observable,warm,candidates,Palm oil,16,16,0.5698136863224595,0.5306594683770083,0.875,positive,True,0.13969809887076398,4.078893635120973,0.95,0.32978652404352626,0.8549437214378225,0.0026997300269973002,studentized,0.00019998000199980003,0.0026997300269973002,0.33430570390219017,0.9748922844760222,10000,estimated,0.020247975202479753,True,
roni,observable,warm,candidates,"Rice, Thai 5%",16,16,0.314468296016835,0.24934399801043894,0.75,positive,True,0.12119835767211269,2.5946580634994283,0.95,0.10210750395638338,0.5560114503672624,0.0425957404259574,studentized,0.007099290070992901,0.0425957404259574,0.10038333209460282,0.7030907799011217,10000,estimated,0.18038196180381963,False,
roni,observable,warm,candidates,"Rubber, RSS3",16,16,0.41653331690475315,0.37162580652732546,0.9375,positive,True,0.0910886028017273,4.572836821434421,0.95,0.2524702989901408,0.5973409947387355,0.0022997700229977,studentized,9.999000099990002e-05,0.0022997700229977,0.24566996367848706,0.6600896583420512,10000,estimated,0.020247975202479753,True,
roni,observable,warm,candidates,"Shrimps, Mexican",15,16,0.07164498531346335,0.006351927111922118,0.5333333333333333,positive,True,0.05650536398269694,1.2679324627552608,0.95,-0.026207816110180752,0.18776714018229074,0.23687631236876314,studentized,0.1865813418658134,0.23687631236876314,-0.026473491648844938,0.2486885340371417,10000,estimated,0.33839473195537595,False,
roni,observable,warm,candidates,Sorghum,15,16,0.1335276999380066,0.04676115998270158,0.5333333333333333,positive,True,0.09436808477839488,1.4149667257905092,0.95,-0.024263503494724156,0.3286874734101692,0.19258074192580743,studentized,0.13688631136886312,0.19258074192580743,-0.027549435911594422,0.42585692002569353,10000,estimated,0.28887111288871115,False,
roni,observable,warm,candidates,Soybeans,16,16,0.21045070063392252,0.19203216585224026,0.75,positive,True,0.0823484872299828,2.5556110101473504,0.95,0.07400949245832458,0.3840282421936047,0.0403959604039596,studentized,0.007999200079992,0.0403959604039596,0.07420062587673115,0.44392951051157126,10000,estimated,0.18038196180381963,False,
roni,observable,warm,candidates,"Sugar, world",16,16,0.1646123522404016,0.00167132873058623,0.5,positive,False,0.16224002223284792,1.0146223476482819,0.95,-0.1202733539385188,0.4993535644643256,0.33626637336266374,studentized,0.297970202979702,0.33626637336266374,-0.11001101145307002,0.7700118988326502,10000,estimated,0.4203329667033297,False,
roni,observable,warm,candidates,"Tea, avg 3 auctions",16,16,0.09534942700007673,0.0443930856128506,0.6875,positive,True,0.06714523314182351,1.420047597402493,0.95,-0.007425083349215676,0.24121188535308588,0.2816718328167183,studentized,0.1287871212878712,0.2816718328167183,-0.005213581125246794,0.40364113853998695,10000,estimated,0.36739804280441524,False,
roni,observable,warm,candidates,"Tobacco, US import u.v.",16,16,-0.009957390079482487,0.01848509290826139,0.5625,negative,False,0.021365531037121067,-0.46604926702651295,0.95,-0.051431423779636325,0.029713263466242652,0.6451354864513549,studentized,0.638936106389361,0.6451354864513549,-0.06253644746571103,0.03200855986530255,10000,estimated,0.6451354864513549,False,
roni,observable,warm,candidates,Urea,16,16,0.2220889484284542,0.10623725748488855,0.6875,positive,True,0.11014356375927535,2.0163588397579133,0.95,0.024016646236918612,0.443196794365357,0.07329267073292671,studentized,0.036996300369963,0.07329267073292671,0.021323656500902927,0.5267893244046331,10000,estimated,0.18038196180381963,False,
roni,observable,warm,candidates,"Wheat, US HRW",16,16,0.12753059884200377,0.017245869344776676,0.625,positive,True,0.07429632067518441,1.7165129804954131,0.95,-0.0021434882845949707,0.278512966818695,0.12498750124987501,studentized,0.0730926907309269,0.12498750124987501,-0.004218102396455203,0.3620292613500048,10000,estimated,0.1973486861840132,False,
roni,observable,warm,controls,Gold,16,16,0.12348977684070331,0.08475248549623549,0.625,positive,True,0.046076429970893056,2.6801073112372866,0.95,0.042535867660735326,0.21364221401657577,0.027797220277972202,studentized,0.0051994800519948,0.027797220277972202,0.0402505686951324,0.2472467495424111,10000,estimated,,,True
roni,observable,warm,controls,Platinum,16,16,0.021527752262127567,-0.06341772374306642,0.4375,positive,False,0.047161179928956284,0.45647187569431097,0.95,-0.0652291777608024,0.11242970568812405,0.648035196480352,studentized,0.6418358164183582,0.648035196480352,-0.07100148728805993,0.1347697751531844,10000,estimated,,,False
roni,observable,warm,controls,Silver,16,16,0.16850245536113678,0.09299913728459397,0.625,positive,True,0.0993008766020484,1.696887893914734,0.95,-0.006887488288017418,0.364912859623346,0.12038796120387961,studentized,0.0745925407459254,0.12038796120387961,-0.005349650396510641,0.46681201855899307,10000,estimated,,,False
roni,observable,cold,candidates,"Banana, US",17,17,-0.007819390204694838,-0.07167875452812711,0.4117647058823529,negative,True,0.053896528710940105,-0.14508151808128658,0.95,-0.10341379276586934,0.09818327332768033,0.8855114488551145,studentized,0.8823117688231177,0.8855114488551145,-0.10046277095176845,0.1562396560120656,10000,estimated,0.8855114488551145,False,
roni,observable,cold,candidates,Barley,16,17,0.027069580089434817,-0.08850519046972755,0.4375,positive,False,0.06749329722578001,0.4010706425984951,0.95,-0.09171704611169365,0.16591423228961819,0.6990300969903009,studentized,0.6771322867713229,0.6990300969903009,-0.094149920376985,0.20695884933847797,10000,estimated,0.776700107767001,False,
roni,observable,cold,candidates,Beef **,17,17,-0.02560267453674748,-0.03742044163632019,0.4117647058823529,negative,True,0.03610590752745471,-0.7090993216907611,0.95,-0.09663850362456938,0.040441544885980535,0.49835016498350165,studentized,0.46715328467153283,0.49835016498350165,-0.10517139347626203,0.04678876663498,10000,estimated,0.6655584441555844,False,
roni,observable,cold,candidates,Chicken **,17,17,0.01646670974400178,0.02485303170110975,0.5882352941176471,positive,True,0.021166204623326447,0.7779717732604012,0.95,-0.023548749325591,0.05749228480066594,0.44525547445255476,studentized,0.41975802419758024,0.44525547445255476,-0.027280428438040252,0.0632632550443452,10000,estimated,0.6655584441555844,False,
roni,observable,cold,candidates,"Coal, Australian",17,17,-0.08125099319555996,-0.10884307452399355,0.23529411764705882,negative,True,0.04885467672012811,-1.6631159727249731,0.95,-0.16937285506861657,0.014868602168011969,0.11898810118988101,studentized,0.0816918308169183,0.11898810118988101,-0.1688644207053182,0.056547272063711226,10000,estimated,0.27458792582280234,False,
roni,observable,cold,candidates,Cocoa,17,17,0.2512138788417476,0.044009690737297325,0.5882352941176471,positive,True,0.11960194518984309,2.100416330545445,0.95,0.035720380021307056,0.4871673675961701,0.06679332066793321,studentized,0.029197080291970802,0.06679332066793321,0.03626264668067772,0.5941107685100948,10000,estimated,0.23464320234643207,False,
roni,observable,cold,candidates,Coconut oil,17,17,0.28604957352507254,0.24206369965659014,0.7058823529411765,positive,True,0.11025013068437432,2.5945508794359564,0.95,0.07922897965318897,0.5020379091467453,0.0235976402359764,studentized,0.007699230076992301,0.0235976402359764,0.06157899065579381,0.5456794358083441,10000,estimated,0.23247675232476753,False,
roni,observable,cold,candidates,"Coffee, Arabica",17,17,0.3041928402118925,0.2570822563204065,0.7647058823529411,positive,True,0.11357842288385064,2.6782625826999817,0.95,0.09769375951813852,0.5284296416610431,0.028697130286971302,studentized,0.005699430056994301,0.028697130286971302,0.09402137326425977,0.6121542670074853,10000,estimated,0.23247675232476753,False,
roni,observable,cold,candidates,"Coffee, Robusta",17,17,0.28037919370226766,0.1796737605189016,0.7058823529411765,positive,True,0.10840411992695755,2.586425625623699,0.95,0.09748147104179733,0.5058559988612452,0.055894410558944105,studentized,0.007999200079992,0.055894410558944105,0.10548673888877741,0.6389277612461748,10000,estimated,0.23464320234643207,False,
roni,observable,cold,candidates,"Cotton, A Index",17,17,0.09157646713297092,-0.06653379842479135,0.4117647058823529,positive,False,0.10119872127971714,0.9049172358596316,0.95,-0.08794605158913674,0.29612466512270536,0.3748625137486251,studentized,0.34926507349265073,0.3748625137486251,-0.08480445166106125,0.4138095287713828,10000,estimated,0.6247708562477086,False,
roni,observable,cold,candidates,DAP,17,17,0.23872672888762725,0.19541243100317018,0.6470588235294118,positive,True,0.1035657476028973,2.305074162192875,0.95,0.05447502246055857,0.44551347841455285,0.0395960403959604,studentized,0.015798420157984203,0.0395960403959604,0.04269579851342592,0.4904334445632101,10000,estimated,0.23247675232476753,False,
roni,observable,cold,candidates,Fish meal,14,17,0.08147601411848726,-0.006193322667998824,0.5,positive,False,0.08403971560683955,0.969494167491642,0.95,-0.0646632558923466,0.2520462257568883,0.3591640835916408,studentized,0.3224677532246775,0.3591640835916408,-0.05805080123374359,0.3974133782981066,10000,estimated,0.6247708562477086,False,
roni,observable,cold,candidates,Groundnut oil **,17,17,0.052804169976091116,-0.0435460171397154,0.35294117647058826,positive,False,0.06857808305574924,0.76998608918778,0.95,-0.06774151164417881,0.1927919545370755,0.46215378462153783,studentized,0.4303569643035696,0.46215378462153783,-0.06489439676608966,0.2706869335051137,10000,estimated,0.6655584441555844,False,
roni,observable,cold,candidates,Lamb **,17,17,0.00924964656235483,0.007131766134181428,0.5294117647058824,positive,True,0.040525311630014466,0.22824368747122026,0.95,-0.0675935903151126,0.08777607844593226,0.8245175482451755,studentized,0.8215178482151785,0.8245175482451755,-0.0725683963035296,0.10527992810659956,10000,estimated,0.8529491878398368,False,
roni,observable,cold,candidates,"Logs, Malaysian",17,17,0.17873950264807748,0.09898477651954174,0.8235294117647058,positive,True,0.06126396303162023,2.917530858325709,0.95,0.07148046944839918,0.30187697372133343,0.046495350464953504,studentized,0.0038996100389961006,0.046495350464953504,0.07650797139243742,0.4237406116730411,10000,estimated,0.23247675232476753,False,
roni,observable,cold,candidates,Maize,17,17,0.023518247748069394,-0.03268502687970398,0.4117647058823529,positive,False,0.047110631814118786,0.49921316786545644,0.95,-0.06351103085827267,0.1176412391132153,0.6288371162883711,studentized,0.6148385161483851,0.6288371162883711,-0.06662953355669426,0.13767379855776318,10000,estimated,0.7546045395460453,False,
roni,observable,cold,candidates,"Natural gas, Europe",17,17,0.0739937963678515,-0.11063700949922406,0.29411764705882354,positive,False,0.17484357299989947,0.4231999786912044,0.95,-0.20170621230884142,0.4564582993263833,0.6787321267873213,studentized,0.666933306669333,0.6787321267873213,-0.19523794446543266,0.8668993200501725,10000,estimated,0.776700107767001,False,
roni,observable,cold,candidates,"Natural gas, US",17,17,-0.12810630855666041,-0.16724233984706283,0.23529411764705882,negative,True,0.07074413263781808,-1.8108400482130997,0.95,-0.2573245998564468,0.007785375547733452,0.0888911108889111,studentized,0.05799420057994201,0.0888911108889111,-0.26157625433016074,0.04434461115379096,10000,estimated,0.2666733326667333,False,
roni,observable,cold,candidates,Orange,17,17,-0.04120675453938343,-0.07918276306014238,0.4117647058823529,negative,True,0.064844298602486,-0.6354722840321331,0.95,-0.15947363098612155,0.08782152558625295,0.5255474452554745,studentized,0.5092490750924907,0.5255474452554745,-0.16967112567035175,0.11533588194628208,10000,estimated,0.6655584441555844,False,
roni,observable,cold,candidates,Palm oil,17,17,0.1689112536830746,0.2187788386086822,0.6470588235294118,positive,True,0.09654934795234733,1.7494810401665482,0.95,-0.009353816690739293,0.3639370244541883,0.11858814118588142,studentized,0.0724927507249275,0.11858814118588142,-0.012489919713958436,0.4280718427142497,10000,estimated,0.27458792582280234,False,
roni,observable,cold,candidates,"Rice, Thai 5%",17,17,0.19516189104884937,0.09667994125081414,0.5882352941176471,positive,True,0.10757187440122302,1.8142464481090284,0.95,0.023332924447273713,0.4289924536108536,0.1576842315768423,studentized,0.055194480551944806,0.1576842315768423,0.02564383049931046,0.5834454391997137,10000,estimated,0.3361663833616638,False,
roni,observable,cold,candidates,"Rubber, RSS3",17,17,0.16898938955325352,0.020034885600980212,0.5882352941176471,positive,True,0.11729642107987855,1.4407037145504398,0.95,-0.0206269751043275,0.4142126661094705,0.2512748725127487,studentized,0.13068693130686931,0.2512748725127487,-0.009199846405310352,0.6762014274767172,10000,estimated,0.47114038596140384,False,
roni,observable,cold,candidates,"Shrimps, Mexican",17,17,-0.03476686343336341,-0.08563234846689094,0.4117647058823529,negative,True,0.04875363354496909,-0.7131132780348639,0.95,-0.12561856169070743,0.058328837110092784,0.47615238476152383,studentized,0.46125387461253875,0.47615238476152383,-0.1291455943875099,0.08108704905860971,10000,estimated,0.6655584441555844,False,
roni,observable,cold,candidates,Sorghum,16,17,-0.035856305460498075,-0.08512495585619528,0.3125,negative,True,0.055697138320414265,-0.6437728497687631,0.95,-0.14078021651391986,0.0719554132492782,0.5324467553244675,studentized,0.514048595140486,0.5324467553244675,-0.14667071341549173,0.09668800736023252,10000,estimated,0.6655584441555844,False,
roni,observable,cold,candidates,Soybeans,17,17,0.015520145784465452,-0.058651618597161725,0.4117647058823529,positive,False,0.04390014975260072,0.35353286656034727,0.95,-0.06622665439536163,0.09965002191895582,0.7309269073092691,studentized,0.7267273272672733,0.7309269073092691,-0.07034759362587946,0.12097357447158993,10000,estimated,0.783135972117074,False,
roni,observable,cold,candidates,"Sugar, world",17,17,0.2532826714192951,0.15441116579305314,0.6470588235294118,positive,True,0.17057325425649048,1.4848908905638556,0.95,-0.04322644246410374,0.5953724018974874,0.1680831916808319,studentized,0.1267873212678732,0.1680831916808319,-0.03977836180763278,0.8457520453374818,10000,estimated,0.3361663833616638,False,
roni,observable,cold,candidates,"Tea, avg 3 auctions",17,17,0.08769888054301288,0.06390587473222564,0.7058823529411765,positive,True,0.046172795379365014,1.8993625970111006,0.95,0.002705791469872293,0.1746457546410152,0.07039296070392961,studentized,0.04709529047095291,0.07039296070392961,-0.007567661591060287,0.18393017192588534,10000,estimated,0.23464320234643207,False,
roni,observable,cold,candidates,"Tobacco, US import u.v.",17,17,0.04657566502139594,0.011499030909520203,0.5294117647058824,positive,True,0.02592065596396211,1.7968551832234034,0.95,0.0006204027732427768,0.09760881741993446,0.10208979102089791,studentized,0.05909409059094091,0.10208979102089791,-0.0020183912260608103,0.11491136078757684,10000,estimated,0.27458792582280234,False,
roni,observable,cold,candidates,Urea,17,17,0.5400061790397441,0.263770649060862,0.8823529411764706,positive,True,0.2039835741863581,2.647302270262202,0.95,0.18677094620106685,0.9613312719000269,0.045295470452954706,studentized,0.008099190080991902,0.045295470452954706,0.181926340503264,1.2037370793184565,10000,estimated,0.23247675232476753,False,
roni,observable,cold,candidates,"Wheat, US HRW",17,17,-0.10012550317435986,-0.05542277289899267,0.35294117647058826,negative,True,0.040635413334606726,-2.463996178650631,0.95,-0.1768183614198838,-0.0212438012646762,0.0306969303069693,studentized,0.011498850114988501,0.0306969303069693,-0.19049487626026274,-0.015039488760123093,10000,estimated,0.23247675232476753,False,
roni,observable,cold,controls,Gold,17,17,0.14252294342022426,0.09236106773223529,0.6470588235294118,positive,True,0.06710501096105514,2.1238792957345383,0.95,0.02076564776274546,0.2780461409254087,0.058894110588941104,studentized,0.029097090290970903,0.058894110588941104,0.015290652118253006,0.3162944832550222,10000,estimated,,,False
roni,observable,cold,controls,Platinum,17,17,0.03773214029719278,-0.028539666143420295,0.47058823529411764,positive,False,0.05254085230461669,0.7181486146900078,0.95,-0.05751731493594723,0.14303055548040436,0.47565243475652436,studentized,0.45455454454554545,0.47565243475652436,-0.05997336491010452,0.17951457259733472,10000,estimated,,,False
roni,observable,cold,controls,Silver,17,17,0.24542830844312463,0.031908036348444524,0.5882352941176471,positive,True,0.1403753744909343,1.7483715312116574,0.95,-0.002146017300305413,0.5358794415913297,0.12158784121587841,studentized,0.0710928907109289,0.12158784121587841,-0.005309533103118991,0.6773354554594472,10000,estimated,,,False
oni,retrospective,warm,candidates,"Banana, US",16,16,-0.12561806156554298,-0.07393433856567094,0.25,negative,True,0.05146695113614385,-2.440751954263807,0.95,-0.22787916419481305,-0.03360794887515898,0.0408959104089591,studentized,0.011898810118988102,0.0408959104089591,-0.26410917169610615,-0.02998091812042654,10000,estimated,0.1250874912508749,False,
oni,retrospective,warm,candidates,Barley,14,16,0.32102362427096864,0.19533288498745482,0.8571428571428571,positive,True,0.1010598413035682,3.176569645569333,0.95,0.13903754722964615,0.5187248193777033,0.017998200179982,studentized,0.0005999400059994001,0.017998200179982,0.13374331245892118,0.5995143252864538,10000,estimated,0.07713514362849429,False,
oni,retrospective,warm,candidates,Beef **,16,16,0.007625250286142304,-0.06927935016163389,0.4375,positive,False,0.0696760578987585,0.10943860080634919,0.95,-0.11492639979046397,0.1467972810019533,0.9174082591740826,studentized,0.915008499150085,0.9174082591740826,-0.1131415849196351,0.2396860607468885,10000,estimated,0.9490430267318096,False,
oni,retrospective,warm,candidates,Chicken **,16,16,-0.04669626164723685,-0.03584109138960384,0.375,negative,True,0.03508728745142239,-1.3308598366826403,0.95,-0.11682801823387937,0.018193683325575593,0.21127887211278873,studentized,0.1735826417358264,0.21127887211278873,-0.1303990601257165,0.023157536265963702,10000,estimated,0.3335982191254559,False,
oni,retrospective,warm,candidates,"Coal, Australian",16,16,-0.09052256604670572,-0.1201065359309832,0.3125,negative,True,0.05350619893200506,-1.691814553333167,0.95,-0.1904728985289316,0.014297883143971806,0.11278872112788721,studentized,0.08259174082591741,0.11278872112788721,-0.19691041797999165,0.036542817217216306,10000,estimated,0.19903891963744802,False,
oni,retrospective,warm,candidates,Cocoa,16,16,0.27597486432854135,0.08713998001160961,0.6875,positive,True,0.126685346360806,2.1784276734149786,0.95,0.06196529631644871,0.5361033607083896,0.0822917708229177,studentized,0.022297770222977704,0.0822917708229177,0.06493643806526914,0.7166363946149136,10000,estimated,0.18038196180381963,False,
oni,retrospective,warm,candidates,Coconut oil,16,16,0.9407582370104336,0.8355005258930508,0.9375,positive,True,0.19299101361128393,4.874621980613447,0.95,0.5970375290245238,1.3156760059821364,0.000999900009999,studentized,9.999000099990002e-05,0.000999900009999,0.5907930737487124,1.4532883435930297,10000,estimated,0.016498350164983504,True,
oni,retrospective,warm,candidates,"Coffee, Arabica",16,16,0.20291390865151865,0.2860238978609638,0.625,positive,True,0.0932484712133557,2.176056143454027,0.95,0.028646164457089465,0.37940876840464877,0.04839516048395161,studentized,0.023497650234976502,0.04839516048395161,-0.00430663976548043,0.3995532821141974,10000,estimated,0.131986801319868,False,
oni,retrospective,warm,candidates,"Coffee, Robusta",16,16,0.32333888547958733,0.3906393327488965,0.6875,positive,True,0.09320415599294007,3.4691466494700007,0.95,0.14894420759003363,0.498267803726457,0.0051994800519948,studentized,0.00039996000399960006,0.0051994800519948,0.13292835064022068,0.5273716264431387,10000,estimated,0.038996100389961,True,
oni,retrospective,warm,candidates,"Cotton, A Index",16,16,0.19038276067503024,-0.032250466940642486,0.4375,positive,False,0.1724489529827645,1.1039948772206123,0.95,-0.11350598151924993,0.5312469327126235,0.28817118288171184,studentized,0.2562743725627437,0.28817118288171184,-0.10599266362156873,0.7700328893812592,10000,estimated,0.41167311840244547,False,
oni,retrospective,warm,candidates,DAP,16,16,0.2975517103042191,0.1838517810756699,0.8125,positive,True,0.09404726548303045,3.1638528645780593,0.95,0.12841393952690888,0.4779621154656917,0.009599040095990401,studentized,0.0012998700129987,0.009599040095990401,0.11560856447340123,0.5247257579071062,10000,estimated,0.0575942405759424,False,
oni,retrospective,warm,candidates,Fish meal,13,16,0.16793564518861495,0.03931282676812664,0.6923076923076923,positive,True,0.07892662918613405,2.1277437909145895,0.95,0.027653186410969647,0.32601983614811353,0.06459354064593541,studentized,0.0273972602739726,0.06459354064593541,0.012527531626667116,0.3741561614009398,10000,estimated,0.16148385161483853,False,
oni,retrospective,warm,candidates,Groundnut oil **,16,16,0.0795144836784831,-0.01582408963925347,0.4375,positive,False,0.08341723494736539,0.9532140897340359,0.95,-0.06183814834532615,0.2526457793645208,0.3735626437356264,studentized,0.32656734326567344,0.3735626437356264,-0.05699323910416676,0.37471940970539586,10000,estimated,0.492733335362116,False,
oni,retrospective,warm,candidates,Lamb **,16,16,-0.046300221396060645,-0.04379628853056905,0.375,negative,True,0.042377436232075856,-1.0925677792894795,0.95,-0.12672336300465842,0.032021582423440435,0.28577142285771423,studentized,0.2588741125887411,0.28577142285771423,-0.1356855289077578,0.046583847325186944,10000,estimated,0.41167311840244547,False,
oni,retrospective,warm,candidates,"Logs, Malaysian",16,16,0.14673035424249703,0.15301623351219973,0.6875,positive,True,0.07194717852235562,2.0394177680908583,0.95,0.02397973610478014,0.293890038193334,0.08799120087991201,studentized,0.0337966203379662,0.08799120087991201,0.029143166976475468,0.34159584062652254,10000,estimated,0.18038196180381963,False,
oni,retrospective,warm,candidates,Maize,16,16,0.14147684093187904,0.13241248486106882,0.6875,positive,True,0.07983137347224578,1.77219600237825,0.95,-0.007613482297752638,0.2923818854649947,0.09679032096790322,studentized,0.06629337066293371,0.09679032096790322,-0.029932974074941332,0.3097953802311104,10000,estimated,0.18148185181481852,False,
oni,retrospective,warm,candidates,"Natural gas, Europe",16,16,-0.13066487065898386,-0.13260883540000934,0.1875,negative,True,0.05273418579827864,-2.4778019927871733,0.95,-0.23086492766116554,-0.032823578824293646,0.022397760223977603,studentized,0.0093990600939906,0.022397760223977603,-0.24532104680290634,-0.021932482918955956,10000,estimated,0.08399160083991601,False,
oni,retrospective,warm,candidates,"Natural gas, US",16,16,0.0331724671592056,-0.01363990574462326,0.5,positive,False,0.06973272505614332,0.47570874553515197,0.95,-0.09573861065392092,0.17188056194789636,0.6251374862513749,studentized,0.6131386861313869,0.6251374862513749,-0.10901849938059671,0.20190175250767783,10000,estimated,0.7213124841362017,False,
oni,retrospective,warm,candidates,Orange,16,16,-0.01766737832370608,-0.10085738819390694,0.375,negative,True,0.0694969654804102,-0.2542179820597513,0.95,-0.1456982805837902,0.11635326163902351,0.807919208079192,studentized,0.8028197180281972,0.807919208079192,-0.15522890149139176,0.1503239597361357,10000,estimated,0.8976880089768801,False,
oni,retrospective,warm,candidates,Palm oil,16,16,0.49611365586662803,0.4979097539129993,0.875,positive,True,0.10554906416796275,4.700313165042852,0.95,0.3040128342659172,0.7004514302769127,0.0010998900109989002,studentized,9.999000099990002e-05,0.0010998900109989002,0.29237369986235173,0.7487650750393273,10000,estimated,0.016498350164983504,True,
oni,retrospective,warm,candidates,"Rice, Thai 5%",16,16,0.19634055571523112,0.1280656177435482,0.75,positive,True,0.06294753316027264,3.1191143776090864,0.95,0.08187575484583637,0.3188557932495776,0.014298570142985701,studentized,0.0016998300169983002,0.014298570142985701,0.07850906984209392,0.357721550869064,10000,estimated,0.07149285071492852,False,
oni,retrospective,warm,candidates,"Rubber, RSS3",16,16,0.29271722534090966,0.06162938680521357,0.75,positive,True,0.11579422476402987,2.5279086753887823,0.95,0.08360030065904882,0.5251326052008617,0.041695830416958304,studentized,0.0081991800819918,0.041695830416958304,0.08465732993974828,0.6370022641013954,10000,estimated,0.1250874912508749,False,
oni,retrospective,warm,candidates,"Shrimps, Mexican",15,16,-0.0491378818877531,-0.023745747743977086,0.4666666666666667,negative,True,0.05140030587495813,-0.9559842310528494,0.95,-0.15422634918706682,0.04181873028927725,0.37776222377762225,studentized,0.3350664933506649,0.37776222377762225,-0.18983591307873166,0.045557864245804144,10000,estimated,0.492733335362116,False,
oni,retrospective,warm,candidates,Sorghum,14,16,0.10042836072354652,0.00516980070484141,0.5,positive,False,0.11271236060002186,0.8910146162223759,0.95,-0.0943780919089519,0.3321773416670983,0.3972602739726027,studentized,0.3641635836416358,0.3972602739726027,-0.09715974142271677,0.4360024422065678,10000,estimated,0.49657534246575336,False,
oni,retrospective,warm,candidates,Soybeans,16,16,0.20053302575077867,0.12368333560483802,0.6875,positive,True,0.10875282271073834,1.8439339849059189,0.95,0.019708247392853744,0.4257671683238829,0.12248775122487751,studentized,0.049595040495950406,0.12248775122487751,0.02439698432837395,0.5306260698029627,10000,estimated,0.20414625204146253,False,
oni,retrospective,warm,candidates,"Sugar, world",16,16,0.0663040945065406,0.027819500012252973,0.5625,positive,True,0.09733349782885041,0.6812052991574248,0.95,-0.11447017808667194,0.25986901195156215,0.5168483151684832,studentized,0.49505049495050496,0.5168483151684832,-0.13117831299352786,0.29765608102978025,10000,estimated,0.6202179782021798,False,
oni,retrospective,warm,candidates,"Tea, avg 3 auctions",16,16,0.11319560676757114,0.10109844177309646,0.6875,positive,True,0.05826063489549044,1.9429174943016772,0.95,0.009027377680305601,0.23065103595015188,0.09019098090190981,studentized,0.045495450454954504,0.09019098090190981,0.009190789529588614,0.2709373353448698,10000,estimated,0.18038196180381963,False,
oni,retrospective,warm,candidates,"Tobacco, US import u.v.",16,16,-0.001030169513406065,-0.006318076586855348,0.3125,negative,True,0.015411894240486215,-0.06684249822451191,0.95,-0.027603210127118794,0.030569767313348255,0.95000499950005,studentized,0.9464053594640536,0.95000499950005,-0.02789903920277341,0.0420174083152234,10000,estimated,0.95000499950005,False,
oni,retrospective,warm,candidates,Urea,16,16,0.29705723152528196,0.2378181001674785,0.8125,positive,True,0.07896514945805126,3.761877658233117,0.95,0.14983524235739532,0.44877643484877705,0.0047995200479952005,studentized,0.00019998000199980003,0.0047995200479952005,0.13703031768551338,0.4753903256460075,10000,estimated,0.038996100389961,True,
oni,retrospective,warm,candidates,"Wheat, US HRW",16,16,0.015269806887508681,0.057607169650585155,0.5,positive,False,0.0782390462729115,0.19516862250908476,0.95,-0.12812315151411013,0.16518287264558879,0.8398160183981602,studentized,0.838016198380162,0.8398160183981602,-0.14358349628200187,0.18937657302287014,10000,estimated,0.8998028768551717,False,
oni,retrospective,warm,controls,Gold,16,16,0.1627151806498981,0.06690012391820166,0.6875,positive,True,0.06890152200840714,2.3615614852462055,0.95,0.04067007065490917,0.30188617479012264,0.05349465053494651,studentized,0.012998700129987,0.05349465053494651,0.04162086582212429,0.36784697846961756,10000,estimated,,,False
oni,retrospective,warm,controls,Platinum,16,16,0.03607985689534244,-0.07221420438286069,0.4375,positive,False,0.08458734425936214,0.4265396580452296,0.95,-0.1062393626103076,0.21175112404072077,0.6901309869013099,studentized,0.6661333866613338,0.6901309869013099,-0.0992583898369642,0.3201915808028627,10000,estimated,,,False
oni,retrospective,warm,controls,Silver,16,16,0.3216062527563915,0.2296338093104462,0.5625,positive,True,0.261420722636893,1.2302247867438372,0.95,-0.0436690682211528,0.8917242031744751,0.4012598740125987,studentized,0.1645835416458354,0.4012598740125987,-0.04794723338432033,1.5625067414331348,10000,estimated,,,False
oni,retrospective,cold,candidates,"Banana, US",16,16,-0.07607888445982726,-0.09598634692486102,0.3125,negative,True,0.05731112492975175,-1.3274714909728225,0.95,-0.18196793498311833,0.03537313918123599,0.20357964203579643,studentized,0.17348265173482652,0.20357964203579643,-0.19549880911229534,0.05243620561029956,10000,estimated,0.37072763311904106,False,
oni,retrospective,cold,candidates,Barley,14,16,0.23680321583413702,0.19116991318617838,0.8571428571428571,positive,True,0.07488510142945679,3.1622206729226403,0.95,0.10458484327461919,0.38627606494301436,0.025897410258974102,studentized,0.0024997500249975004,0.025897410258974102,0.10771305944798645,0.47615168966478216,10000,estimated,0.1394860513948605,False,
oni,retrospective,cold,candidates,Beef **,16,16,0.01958178032024059,0.009880322647375261,0.5,positive,False,0.04723394783241251,0.4145700543540706,0.95,-0.06709542621351226,0.11162875482400468,0.6741325867413258,studentized,0.6655334466553344,0.6741325867413258,-0.07057074499683974,0.13520436454033363,10000,estimated,0.749036207490362,False,
oni,retrospective,cold,candidates,Chicken **,16,16,0.0010913192863798368,-0.014644727811023439,0.375,positive,False,0.04109541900951653,0.02655574058332678,0.95,-0.07824577195934218,0.07697002388917978,0.9801019898010199,studentized,0.9795020497950205,0.9801019898010199,-0.08517772743917656,0.08565801794184252,10000,estimated,0.9801019898010199,False,
oni,retrospective,cold,candidates,"Coal, Australian",16,16,0.1689398629981529,0.032275864158502365,0.6875,positive,True,0.12269420017782,1.3769180837668717,0.95,-0.04426085803157657,0.4247132611756065,0.21007899210078992,studentized,0.15578442155784422,0.21007899210078992,-0.03970354941609491,0.5877181237435731,10000,estimated,0.37072763311904106,False,
oni,retrospective,cold,candidates,Cocoa,16,16,0.23776312580754028,0.057725517733237086,0.8125,positive,True,0.12898369991440511,1.843357927903466,0.95,0.027989445196837864,0.5180961098606024,0.1483851614838516,studentized,0.052894710528947106,0.1483851614838516,0.030564651842053092,0.7766125724296553,10000,estimated,0.31796820317968205,False,
oni,retrospective,cold,candidates,Coconut oil,16,16,0.5538631002699603,0.5297169871224305,0.6875,positive,True,0.19148857078236362,2.8924081369819903,0.95,0.2001957642047143,0.93429204352362,0.015498450154984501,studentized,0.0026997300269973002,0.015498450154984501,0.178193449389405,1.0163684028481188,10000,estimated,0.1394860513948605,False,
oni,retrospective,cold,candidates,"Coffee, Arabica",16,16,0.3423143046821991,0.18457934974207435,0.75,positive,True,0.10736699159630114,3.18826391233255,0.95,0.14669286193567807,0.5569341602161305,0.012898710128987101,studentized,0.0010998900109989002,0.012898710128987101,0.1372009720470146,0.6145423673402655,10000,estimated,0.1394860513948605,False,
oni,retrospective,cold,candidates,"Coffee, Robusta",16,16,0.2778824512597433,0.19436143102201708,0.625,positive,True,0.10096771358156828,2.7521911847122476,0.95,0.09025884436721027,0.47266920524619227,0.019498050194980503,studentized,0.005099490050994901,0.019498050194980503,0.07663484316538802,0.5158259442489423,10000,estimated,0.1394860513948605,False,
oni,retrospective,cold,candidates,"Cotton, A Index",16,16,0.15197698752268338,-0.08268948782224028,0.375,positive,False,0.1929172859786284,0.7877831514772583,0.95,-0.12244250491685169,0.5906371203638328,0.48225177482251774,studentized,0.44825517448255175,0.48225177482251774,-0.13336116063896694,1.5985811793247995,10000,estimated,0.6028147185281472,False,
oni,retrospective,cold,candidates,DAP,16,16,0.31860920499909373,0.14488018124107716,0.75,positive,True,0.16872147359601997,1.8883737689605475,0.95,0.029933199585620664,0.6648251245169966,0.11638836116388361,studentized,0.0461953804619538,0.11638836116388361,0.0399755286077188,0.9381437045115953,10000,estimated,0.31796820317968205,False,
oni,retrospective,cold,candidates,Fish meal,14,16,-0.03006170169469827,-0.045437202178888525,0.42857142857142855,negative,True,0.058562650748690125,-0.5133254951812554,0.95,-0.13681204005398526,0.08490159428308548,0.6107389261073892,studentized,0.5980401959804019,0.6107389261073892,-0.14366274806254645,0.1200135481600153,10000,estimated,0.7046987608931414,False,
oni,retrospective,cold,candidates,Groundnut oil **,16,16,0.09734777753116566,-0.05294345802255557,0.4375,positive,False,0.09332365438891169,1.043120076775863,0.95,-0.06369998887091034,0.2855221180982301,0.31516848315168483,studentized,0.27847215278472154,0.31516848315168483,-0.06110285123119702,0.3975740895849481,10000,estimated,0.44709165447091653,False,
oni,retrospective,cold,candidates,Lamb **,16,16,0.10915433761530526,0.02006126499686245,0.5,positive,False,0.08164094643235917,1.3370048043936062,0.95,-0.026678120072356686,0.27775266939130727,0.23927607239276072,studentized,0.1615838416158384,0.23927607239276072,-0.021567498636933122,0.39574557342536876,10000,estimated,0.37780432483067483,False,
oni,retrospective,cold,candidates,"Logs, Malaysian",16,16,0.1728253693149076,0.1302531175555759,0.75,positive,True,0.05637399362390236,3.0656932071888963,0.95,0.07435100667957487,0.28802373781943647,0.027897210278972105,studentized,0.0027997200279972004,0.027897210278972105,0.07367177034127811,0.3495925854936817,10000,estimated,0.1394860513948605,False,
oni,retrospective,cold,candidates,Maize,16,16,0.2305591347844255,0.27181032151954665,0.5625,positive,True,0.08697365133415717,2.650907846775406,0.95,0.07108924428113393,0.4002421403598941,0.022097790220977902,studentized,0.006099390060993901,0.022097790220977902,0.06145829355117105,0.43612474077040647,10000,estimated,0.1394860513948605,False,
oni,retrospective,cold,candidates,"Natural gas, Europe",16,16,0.3420534484523824,-0.021267683106533708,0.5,positive,False,0.28541745958207765,1.1984321104715667,0.95,-0.10238151934089973,0.9691868674852324,0.3094690530946905,studentized,0.21447855214478553,0.3094690530946905,-0.0921303910939239,2.2806821011000755,10000,estimated,0.44709165447091653,False,
oni,retrospective,cold,candidates,"Natural gas, US",16,16,0.010223155492310898,-0.028290080931583028,0.3125,positive,False,0.10837838328624173,0.09432836311379718,0.95,-0.1884217905901266,0.22389715397511825,0.9279072092790721,studentized,0.9233076692330767,0.9279072092790721,-0.2097996194449616,0.2655465339037286,10000,estimated,0.9599040095990401,False,
oni,retrospective,cold,candidates,Orange,16,16,-0.024350589292796515,-0.11996076580485315,0.3125,negative,True,0.0758793807586831,-0.32091180831111366,0.95,-0.15910890719037316,0.1274293296422658,0.7544245575442455,studentized,0.7471252874712528,0.7544245575442455,-0.16098775966536946,0.1910173491079281,10000,estimated,0.8083120259402631,False,
oni,retrospective,cold,candidates,Palm oil,16,16,0.274315456258594,0.23227681589473725,0.625,positive,True,0.16045698342945583,1.709588765759114,0.95,0.002093515185175242,0.6145772091463412,0.16108389161083891,studentized,0.0755924407559244,0.16108389161083891,0.008844539799185924,0.7659058875515629,10000,estimated,0.32216778322167783,False,
oni,retrospective,cold,candidates,"Rice, Thai 5%",16,16,0.3180942854673157,0.01994554880285304,0.5,positive,False,0.1872720647760008,1.698567727374574,0.95,0.007778733550623178,0.7022833689127063,0.1468853114688531,studentized,0.070992900709929,0.1468853114688531,0.019846798735059012,1.306174879039733,10000,estimated,0.31796820317968205,False,
oni,retrospective,cold,candidates,"Rubber, RSS3",16,16,0.08449833648903743,-0.08752538128074988,0.375,positive,False,0.12718936783199436,0.6643506287463594,0.95,-0.11707638290201963,0.3645323339491834,0.5356464353564644,studentized,0.5031496850314968,0.5356464353564644,-0.11324363349413369,0.629234686117397,10000,estimated,0.6427757224277574,False,
oni,retrospective,cold,candidates,"Shrimps, Mexican",16,16,-0.09467700077623839,-0.06460244432764845,0.25,negative,True,0.04169180062004567,-2.270878191111686,0.95,-0.17788007624673552,-0.019359883606733366,0.0456954304569543,studentized,0.017698230176982303,0.0456954304569543,-0.1998858922811632,-0.016627019343863972,10000,estimated,0.17135786421357863,False,
oni,retrospective,cold,candidates,Sorghum,14,16,0.1990431066423121,0.11682468981923111,0.6428571428571429,positive,True,0.12126585503057442,1.641378000362327,0.95,-0.02113965534400355,0.4462571753718259,0.13408659134086592,studentized,0.0902909709029097,0.13408659134086592,-0.028447415299568485,0.5379371031217542,10000,estimated,0.31796820317968205,False,
oni,retrospective,cold,candidates,Soybeans,16,16,0.07312833373725114,0.08200671408918636,0.625,positive,True,0.07356830229770527,0.9940195906835837,0.95,-0.06526517115529124,0.2113268623825338,0.32786721327867213,studentized,0.3077692230776922,0.32786721327867213,-0.08581393975588553,0.22613235278992355,10000,estimated,0.44709165447091653,False,
oni,retrospective,cold,candidates,"Sugar, world",16,16,0.12096335299608246,0.0438490936052357,0.5625,positive,True,0.13490032793090023,0.8966868713472907,0.95,-0.10506185307449027,0.4079601668206738,0.41815818418158185,studentized,0.36106389361063895,0.41815818418158185,-0.09591745763877885,0.539687846857116,10000,estimated,0.5454237184977154,False,
oni,retrospective,cold,candidates,"Tea, avg 3 auctions",16,16,0.1015493831363387,0.07597848264393037,0.6875,positive,True,0.06492621930927586,1.5640735625250024,0.95,-0.018313879972147437,0.2268899840438604,0.14108589141085892,studentized,0.10688931106889311,0.14108589141085892,-0.02451400110515138,0.25111260395186896,10000,estimated,0.31796820317968205,False,
oni,retrospective,cold,candidates,"Tobacco, US import u.v.",16,16,0.05905335458876301,0.055220686785835804,0.75,positive,True,0.029485393450824633,2.0028002911764244,0.95,0.0029564351965197496,0.1140660858903914,0.061493850614938506,studentized,0.0380961903809619,0.061493850614938506,-0.005949421135900121,0.11867068349514415,10000,estimated,0.204979502049795,False,
oni,retrospective,cold,candidates,Urea,16,16,0.4826845020316922,0.24344107043120533,0.75,positive,True,0.18743456717540327,2.5752160303493588,0.95,0.14980619415130603,0.8549413060909262,0.04179582041795821,studentized,0.007999200079992,0.04179582041795821,0.15576123877957998,1.0542233251451305,10000,estimated,0.17135786421357863,False,
oni,retrospective,cold,candidates,"Wheat, US HRW",16,16,0.06714871351916729,0.04739412073370508,0.5625,positive,True,0.05231554538024353,1.2835327058355654,0.95,-0.027250989990765286,0.17201068222296412,0.22597740225977403,studentized,0.18468153184681532,0.22597740225977403,-0.031718132234764856,0.20084479419465742,10000,estimated,0.37662900376629005,False,
oni,retrospective,cold,controls,Gold,16,16,0.05629640199177686,-0.0016618272495358966,0.5,positive,False,0.06638064433994463,0.8480845968212519,0.95,-0.06166357969092971,0.190180990030995,0.41815818418158185,studentized,0.38616138386161386,0.41815818418158185,-0.062309071431277264,0.2401810263549111,10000,estimated,,,False
oni,retrospective,cold,controls,Platinum,16,16,-0.005115444735509955,-0.10317118392775837,0.25,negative,True,0.10964722112263317,-0.046653665119234244,0.95,-0.1508151117305481,0.23113520428298476,0.943005699430057,studentized,0.9431056894310569,0.943005699430057,-0.15741899983465663,0.6611818061207111,10000,estimated,,,False
oni,retrospective,cold,controls,Silver,16,16,0.34962810257968663,0.051026819398730106,0.625,positive,True,0.28985506096442915,1.2062170017538276,0.95,-0.06907672141792062,0.9762098616906562,0.36496350364963503,studentized,0.200979902009799,0.36496350364963503,-0.06438305509612136,2.138149038241168,10000,estimated,,,False
oni,observable,warm,candidates,"Banana, US",16,16,-0.0475546960658396,-0.04181523461840725,0.4375,negative,True,0.06904567795452053,-0.6887425465959396,0.95,-0.1755306964576726,0.08326261569636234,0.5023497650234976,studentized,0.4881511848815118,0.5023497650234976,-0.19727297838721847,0.09435889520287946,10000,estimated,0.627937206279372,False,
oni,observable,warm,candidates,Barley,14,16,0.3375773456542725,0.20389533791988723,0.8571428571428571,positive,True,0.11336134776034065,2.9778875456557827,0.95,0.14839008928388525,0.578476504522592,0.055694430556944306,studentized,0.0053994600539946005,0.055694430556944306,0.15777139228870574,0.7816074105814477,10000,estimated,0.201646502016465,False,
oni,observable,warm,candidates,Beef **,16,16,0.07383355547182624,0.06950526910851829,0.625,positive,True,0.052262387007650235,1.4127474786220229,0.95,-0.024123024731028685,0.17481026728040064,0.18858114188581143,studentized,0.1506849315068493,0.18858114188581143,-0.027630987068745477,0.2022683049403081,10000,estimated,0.31430190314301903,False,
oni,observable,warm,candidates,Chicken **,16,16,0.007936773221761478,0.033515255013198963,0.625,positive,True,0.02874765767114467,0.27608417049323564,0.95,-0.0462639683698456,0.06170596299114402,0.7828217178282172,studentized,0.7774222577742226,0.7828217178282172,-0.05415312677734135,0.06755253503407038,10000,estimated,0.8098155701671212,False,
oni,observable,warm,candidates,"Coal, Australian",16,16,-0.039420302618531924,-0.10032629168318508,0.3125,negative,True,0.06716468576345615,-0.5869200781697135,0.95,-0.15925380511686027,0.10024970129015576,0.5703429657034297,studentized,0.5478452154784521,0.5703429657034297,-0.16176240343063242,0.16032466836627507,10000,estimated,0.6591263950528023,False,
oni,observable,warm,candidates,Cocoa,16,16,0.19552962363475845,0.0007277961878711103,0.5,positive,False,0.11962799111137051,1.6344805410359646,0.95,-0.009970779563985864,0.4395651004003242,0.14008599140085992,studentized,0.0887911208879112,0.14008599140085992,-0.015598115459296846,0.582236276418089,10000,estimated,0.26266123387661233,False,
oni,observable,warm,candidates,Coconut oil,16,16,1.3035459321038403,0.9751921945059606,0.875,positive,True,0.29892593159854713,4.360765642287877,0.95,0.7882110606152712,1.9084433955913198,0.0103989601039896,studentized,0.00019998000199980003,0.0103989601039896,0.7973843342412615,2.298043140153562,10000,estimated,0.077992200779922,False,
oni,observable,warm,candidates,"Coffee, Arabica",16,16,0.2997940673220271,0.29912038587833756,0.75,positive,True,0.09730544736522143,3.0809587277965536,0.95,0.11807204528660852,0.48610410851091546,0.0096990300969903,studentized,0.0012998700129987,0.0096990300969903,0.09777088197603201,0.5145543858142592,10000,estimated,0.077992200779922,False,
oni,observable,warm,candidates,"Coffee, Robusta",16,16,0.3681803447682809,0.32071079815439085,0.8125,positive,True,0.11130199009975816,3.3079403561273866,0.95,0.1595769043217699,0.5878734655372102,0.008399160083991601,studentized,0.0004999500049995,0.008399160083991601,0.14852863273881553,0.6415844465386358,10000,estimated,0.077992200779922,False,
oni,observable,warm,candidates,"Cotton, A Index",16,16,0.15418991410272642,-0.02353513328668505,0.5,positive,False,0.1488863183056935,1.0356217808149677,0.95,-0.1072763694083197,0.4493861351370689,0.31666833316668336,studentized,0.28277172282771723,0.31666833316668336,-0.1113932275492095,0.574281182888257,10000,estimated,0.475002499750025,False,
oni,observable,warm,candidates,DAP,16,16,0.3621573013588956,0.13316970475692902,0.75,positive,True,0.13718154173409186,2.6399856480756667,0.95,0.12328275159625268,0.643044200386296,0.0486951304869513,studentized,0.006899310068993101,0.0486951304869513,0.12314307764195126,0.8347044582125396,10000,estimated,0.201646502016465,False,
oni,observable,warm,candidates,Fish meal,13,16,0.1388389331806446,-0.009270893099097899,0.46153846153846156,positive,False,0.08547256601445623,1.6243683751949411,0.95,-0.010322911383195452,0.315726163558979,0.1521847815218478,studentized,0.0927907209279072,0.1521847815218478,-0.008843725375013822,0.4639030364199309,10000,estimated,0.26856137915620204,False,
oni,observable,warm,candidates,Groundnut oil **,16,16,0.201876562647874,0.03082397711286,0.625,positive,True,0.11062245958173654,1.824914790460899,0.95,0.0029935046590817667,0.42328955357446896,0.10268973102689731,studentized,0.060693930606939304,0.10268973102689731,-0.00023850351212870158,0.521054252443288,10000,estimated,0.25847415258474155,False,
oni,observable,warm,candidates,Lamb **,16,16,0.054668399674204914,0.006035375962522571,0.5625,positive,True,0.06733763760893803,0.8118550281150423,0.95,-0.05465714965299141,0.19684075482967786,0.47115288471152883,studentized,0.40145985401459855,0.47115288471152883,-0.04852758850656292,0.2778454732746446,10000,estimated,0.6145472409280811,False,
oni,observable,warm,candidates,"Logs, Malaysian",16,16,0.2620540568944153,0.18269133102959134,0.875,positive,True,0.10026463457870428,2.6136240160403905,0.95,0.10651374844640157,0.47546045496064615,0.10338966103389662,studentized,0.0091990800919908,0.10338966103389662,0.11584188407443771,0.6274050514383314,10000,estimated,0.25847415258474155,False,
oni,observable,warm,candidates,Maize,16,16,0.2574470832413532,0.2417321305152711,0.625,positive,True,0.11255657619824357,2.287268251549487,0.95,0.06211985745613144,0.49370160100912025,0.060493950604939506,studentized,0.0211978802119788,0.060493950604939506,0.061966838201300695,0.585303880456443,10000,estimated,0.201646502016465,False,
oni,observable,warm,candidates,"Natural gas, Europe",16,16,-0.08209654218987465,-0.11006490821629783,0.25,negative,True,0.0707028342784066,-1.161149238609064,0.95,-0.2052987616352483,0.06120198766167587,0.28077192280771923,studentized,0.2273772622737726,0.28077192280771923,-0.2068884686978788,0.10064832946574793,10000,estimated,0.44332408864376716,False,
oni,observable,warm,candidates,"Natural gas, US",16,16,0.0012533543798040267,0.008953339499658985,0.5,positive,False,0.06682903767396758,0.018754637556186976,0.95,-0.12249472241756523,0.1299206459365853,0.9839016098390161,studentized,0.9827017298270173,0.9839016098390161,-0.13907255657737505,0.14855132250000183,10000,estimated,0.9839016098390161,False,
oni,observable,warm,candidates,Orange,16,16,0.09001708055934103,0.013200407947445314,0.5,positive,False,0.11441446803263142,0.7867630913047451,0.95,-0.10857035646869385,0.3194918390347728,0.45235476452354767,studentized,0.41785821417858215,0.45235476452354767,-0.1039265987786036,0.41675752636030466,10000,estimated,0.6145472409280811,False,
oni,observable,warm,candidates,Palm oil,16,16,0.6418260139504625,0.5914580283683819,0.875,positive,True,0.16502332186869362,3.88930489752929,0.95,0.3573045202902527,0.9916776322538464,0.004999500049995001,studentized,0.00039996000399960006,0.004999500049995001,0.3536939381334303,1.1067289508683869,10000,estimated,0.077992200779922,False,
oni,observable,warm,candidates,"Rice, Thai 5%",16,16,0.3697625677848212,0.1734182897930895,0.75,positive,True,0.1698333752652765,2.1772079086767198,0.95,0.08773910160903169,0.7303808312564398,0.1126887311268873,studentized,0.024397560243975602,0.1126887311268873,0.09892271289441218,1.151271399567019,10000,estimated,0.26005091798512453,False,
oni,observable,warm,candidates,"Rubber, RSS3",16,16,0.3310859662690577,0.26711724221167177,0.8125,positive,True,0.11529934372575767,2.8715338315936454,0.95,0.13019993094107138,0.5608423653057794,0.030496950304969503,studentized,0.0028997100289971,0.030496950304969503,0.13583564596211586,0.6775191584615822,10000,estimated,0.1524847515248475,False,
oni,observable,warm,candidates,"Shrimps, Mexican",15,16,0.02475709837817722,-0.011872305661856042,0.4666666666666667,positive,False,0.06927838018876577,0.35735677293147583,0.95,-0.10644923677953219,0.16012595934927173,0.7319268073192681,studentized,0.7141285871412859,0.7319268073192681,-0.10531067083989079,0.1946714468966131,10000,estimated,0.7842072935563585,False,
oni,observable,warm,candidates,Sorghum,14,16,0.11992531002953678,-0.0031405361349614025,0.5,positive,False,0.128150768633565,0.9358142078137031,0.95,-0.0922358579983432,0.3906134530905375,0.39436056394360564,studentized,0.33826617338266174,0.39436056394360564,-0.08994598986818263,0.5913220184952059,10000,estimated,0.5633722342051509,False,
oni,observable,warm,candidates,Soybeans,16,16,0.19336343362362796,0.139232371125676,0.75,positive,True,0.10096636422522898,1.915127231800541,0.95,0.02417921070388156,0.40891980005668194,0.1217878212178782,studentized,0.0463953604639536,0.1217878212178782,0.02831830638957189,0.4923138698883581,10000,estimated,0.260973902609739,False,
oni,observable,warm,candidates,"Sugar, world",16,16,0.07158368141145552,-0.07238309677964466,0.4375,positive,False,0.12392658468954097,0.5776297441810883,0.95,-0.15171817289153836,0.31887743676953706,0.5712428757124287,studentized,0.5615438456154385,0.5712428757124287,-0.16723232296148277,0.39724374274609586,10000,estimated,0.6591263950528023,False,
oni,observable,warm,candidates,"Tea, avg 3 auctions",16,16,0.12639976406438447,0.0874612115676382,0.75,positive,True,0.06650185315092333,1.9006953652483216,0.95,0.012781204568278245,0.2654539190043796,0.1024897510248975,studentized,0.049595040495950406,0.1024897510248975,0.014999532012115957,0.30126861832093016,10000,estimated,0.25847415258474155,False,
oni,observable,warm,candidates,"Tobacco, US import u.v.",16,16,-0.010890961580371429,-0.013995775714149561,0.4375,negative,True,0.024400612101375767,-0.4463396875096166,0.95,-0.058336922666487157,0.035037136612745746,0.6512348765123488,studentized,0.643035696430357,0.6512348765123488,-0.06502638132573982,0.04069225608605121,10000,estimated,0.7235943072359431,False,
oni,observable,warm,candidates,Urea,16,16,0.25717256208583367,0.15146064753917554,0.8125,positive,True,0.09011428843116873,2.853848890814554,0.95,0.09360281131046178,0.431104437312196,0.0178982101789821,studentized,0.0031996800319968005,0.0178982101789821,0.08224930552494747,0.4775407102342021,10000,estimated,0.10738926107389261,False,
oni,observable,warm,candidates,"Wheat, US HRW",16,16,0.13254588204149897,-0.022806758342633793,0.5,positive,False,0.07960650094232898,1.6650132900266776,0.95,-0.010562211410134732,0.29340734331835777,0.13208679132086792,studentized,0.08919108089191082,0.13208679132086792,-0.012827063269358868,0.37748130068557406,10000,estimated,0.26266123387661233,False,
oni,observable,warm,controls,Gold,16,16,0.09092618403753709,0.0923117894459502,0.625,positive,True,0.0402582231291322,2.2585741985154795,0.95,0.016706609473243025,0.1696191980124984,0.047495250474952504,studentized,0.0183981601839816,0.047495250474952504,0.011311607725991879,0.1902576593622176,10000,estimated,,,True
oni,observable,warm,controls,Platinum,16,16,0.019290696070223483,-0.02459163059361341,0.4375,positive,False,0.039145427632741724,0.492795640175572,0.95,-0.0540877670256764,0.09656752888286593,0.6238376162383762,studentized,0.6112388761123888,0.6238376162383762,-0.05778356686616135,0.11904151140786057,10000,estimated,,,False
oni,observable,warm,controls,Silver,16,16,0.1504020444861255,0.10006018247942405,0.8125,positive,True,0.07211599869466781,2.0855572578688575,0.95,0.015699290480111285,0.2882497170459774,0.054894510548945105,studentized,0.030496950304969503,0.054894510548945105,0.00011464668990174287,0.30883547155575364,10000,estimated,,,False
oni,observable,cold,candidates,"Banana, US",17,17,0.02988367928488139,0.012926023730561953,0.5294117647058824,positive,True,0.055089972299237934,0.542452247435506,0.95,-0.06953196186522266,0.1403251881734039,0.5995400459954005,studentized,0.5798420157984202,0.5995400459954005,-0.07239137826275302,0.16844192036929043,10000,estimated,0.8204779522047795,False,
oni,observable,cold,candidates,Barley,15,17,0.09200181557025815,0.042427379719697234,0.6,positive,True,0.07764751664502727,1.1848648810090459,0.95,-0.04678697261355026,0.24865724723267596,0.26977302269773024,studentized,0.21457854214578542,0.26977302269773024,-0.049532173628839396,0.2905899080943735,10000,estimated,0.5581441855814419,False,
oni,observable,cold,candidates,Beef **,17,17,0.02317362443336893,-0.021729906130867338,0.47058823529411764,positive,False,0.05488775201379205,0.4222002829983987,0.95,-0.07563388432999944,0.13166558704689893,0.6837316268373163,studentized,0.6584341565843416,0.6837316268373163,-0.07650208535540047,0.15599239502042403,10000,estimated,0.8204779522047795,False,
oni,observable,cold,candidates,Chicken **,17,17,-0.036428474908765024,-0.029327858497513404,0.29411764705882354,negative,True,0.024754883305084144,-1.4715672241235476,0.95,-0.08378247244796863,0.010553057152256835,0.16628337166283372,studentized,0.134986501349865,0.16628337166283372,-0.08853847723059069,0.017694634166733655,10000,estimated,0.38373085768346243,False,
oni,observable,cold,candidates,"Coal, Australian",17,17,-0.008509025144553454,-0.12277590533872951,0.23529411764705882,negative,True,0.09020091154875115,-0.09433413696661543,0.95,-0.14037968715007768,0.19042866386295632,0.9215078492150784,studentized,0.9204079592040796,0.9215078492150784,-0.13917070398637235,0.4416531163606871,10000,estimated,0.9532839819466329,False,
oni,observable,cold,candidates,Cocoa,17,17,0.2346139510983852,0.14430733285184405,0.5882352941176471,positive,True,0.11439468167503747,2.0509165956233546,0.95,0.029929688141049026,0.4629998181459854,0.07389261073892611,studentized,0.032096790320967905,0.07389261073892611,0.029004090518768594,0.5597190387735558,10000,estimated,0.2770972902709729,False,
oni,observable,cold,candidates,Coconut oil,17,17,0.2838655600045468,0.21424803038240192,0.7647058823529411,positive,True,0.11522518048304058,2.4635722748668427,0.95,0.07451786752647173,0.5101400233736529,0.0357964203579642,studentized,0.011198880111988802,0.0357964203579642,0.06727855635457744,0.5868249963663115,10000,estimated,0.20783635922122073,False,
oni,observable,cold,candidates,"Coffee, Arabica",17,17,0.32827103310730077,0.19819485043184026,0.7647058823529411,positive,True,0.12376410732471818,2.65239284800092,0.95,0.1097592333452702,0.5819873114774198,0.03569643035696431,studentized,0.007899210078992101,0.03569643035696431,0.11372474392774026,0.6874239943610096,10000,estimated,0.20783635922122073,False,
oni,observable,cold,candidates,"Coffee, Robusta",17,17,0.2397615794721144,0.15239926764881684,0.6470588235294118,positive,True,0.09782677740284804,2.450878847667471,0.95,0.07079575667787877,0.44377407770675975,0.0484951504849515,studentized,0.012898710128987101,0.0484951504849515,0.06713741115742441,0.533576186393337,10000,estimated,0.20783635922122073,False,
oni,observable,cold,candidates,"Cotton, A Index",17,17,0.039836414795009836,-0.12861412243828219,0.4117647058823529,positive,False,0.11627582192257416,0.3426027366337272,0.95,-0.16784512905744411,0.2795465032830906,0.7282271772822718,studentized,0.7191280871912809,0.7282271772822718,-0.16495943391800133,0.3963026111124746,10000,estimated,0.8402621276333906,False,
oni,observable,cold,candidates,DAP,17,17,0.25253844701475076,0.07279548600897434,0.6470588235294118,positive,True,0.13822953129796278,1.8269500347967442,0.95,0.008216824373914034,0.5336610870950633,0.10468953104689531,studentized,0.06079392060793921,0.10468953104689531,0.011003785906439606,0.6441561347604061,10000,estimated,0.3140685931406859,False,
oni,observable,cold,candidates,Fish meal,14,17,0.06333772562532994,-0.022369783399147303,0.42857142857142855,positive,False,0.0829738808212457,0.763345344323248,0.95,-0.08278620995095992,0.23344816858235656,0.46735326467353266,studentized,0.44375562443755623,0.46735326467353266,-0.07924514723994291,0.3905489064931592,10000,estimated,0.7789221077892211,False,
oni,observable,cold,candidates,Groundnut oil **,17,17,-0.01338594460782562,-0.09304319052744281,0.23529411764705882,negative,True,0.06789391745934614,-0.19715970308888012,0.95,-0.13146723683747727,0.12803860109523046,0.8467153284671532,studentized,0.8385161483851615,0.8467153284671532,-0.13022595180339872,0.20824262750708067,10000,estimated,0.9226220235119345,False,
oni,observable,cold,candidates,Lamb **,16,17,0.029999236978984947,0.025784452741336894,0.5625,positive,True,0.04867388445205902,0.6163312691538411,0.95,-0.06074163711191877,0.12441508146350165,0.5364463553644635,studentized,0.523947605239476,0.5364463553644635,-0.0668667878630214,0.1480169162851967,10000,estimated,0.8046695330466953,False,
oni,observable,cold,candidates,"Logs, Malaysian",17,17,0.14049199899645803,0.047614254325394345,0.7647058823529411,positive,True,0.05190692743957113,2.706613662694939,0.95,0.04893445177889729,0.2466352792418787,0.0334966503349665,studentized,0.0051994800519948,0.0334966503349665,0.047991018130824195,0.29676523353164797,10000,estimated,0.20783635922122073,False,
oni,observable,cold,candidates,Maize,17,17,0.000701525411455948,-0.04904691754799562,0.35294117647058826,positive,False,0.05088545794191999,0.013786363331084888,0.95,-0.09184335877155368,0.10425405757398096,0.9884011598840116,studentized,0.9882011798820118,0.9884011598840116,-0.09703739454241991,0.13289050169200375,10000,estimated,0.9884011598840116,False,
oni,observable,cold,candidates,"Natural gas, Europe",17,17,0.1588875781694585,-0.083903952630068,0.4117647058823529,positive,False,0.2119409092500795,0.7496786662455017,0.95,-0.15452089303878547,0.6198230318424861,0.49495050494950504,studentized,0.45625437456254375,0.49495050494950504,-0.1466486378914816,1.3012241560638624,10000,estimated,0.7815007972886923,False,
oni,observable,cold,candidates,"Natural gas, US",17,17,-0.14108031369655422,-0.14217421256312135,0.29411764705882354,negative,True,0.05661454523524124,-2.491944660340308,0.95,-0.2504249997196881,-0.035452295545821126,0.025997400259974,studentized,0.009599040095990401,0.025997400259974,-0.2700158242558728,-0.029499287110299782,10000,estimated,0.20783635922122073,False,
oni,observable,cold,candidates,Orange,17,17,-0.016194431392154603,-0.08798020806266116,0.29411764705882354,negative,True,0.08863124765400471,-0.18271695164863083,0.95,-0.1753716957015817,0.15951634607357495,0.8611138886111389,studentized,0.857014298570143,0.8611138886111389,-0.1758701668515328,0.22670959256572204,10000,estimated,0.9226220235119345,False,
oni,observable,cold,candidates,Palm oil,17,17,0.164901490546218,0.14562282086708445,0.5882352941176471,positive,True,0.10790897719928295,1.5281535867185827,0.95,-0.028620930665757095,0.3813157416042717,0.15908409159084091,studentized,0.11868813118688132,0.15908409159084091,-0.03242944061096728,0.46630863345040885,10000,estimated,0.38373085768346243,False,
oni,observable,cold,candidates,"Rice, Thai 5%",17,17,0.14101755998947935,0.0383007861743605,0.5882352941176471,positive,True,0.11045815918050253,1.2766604208842456,0.95,-0.040780406037939324,0.3770645171266638,0.2790720927907209,studentized,0.18048195180481952,0.2790720927907209,-0.0307936267864391,0.49764725732540577,10000,estimated,0.5581441855814419,False,
oni,observable,cold,candidates,"Rubber, RSS3",17,17,0.0626412477516915,-0.050070953016521536,0.47058823529411764,positive,False,0.11260011201331158,0.5563160340754018,0.95,-0.1175184182170724,0.3054137565248111,0.6078392160783922,studentized,0.5705429457054294,0.6078392160783922,-0.10801305653215668,0.48676588666487025,10000,estimated,0.8204779522047795,False,
oni,observable,cold,candidates,"Shrimps, Mexican",17,17,-0.03850118467252313,-0.11154875209247794,0.35294117647058826,negative,True,0.05143928433639045,-0.7484782334983939,0.95,-0.13274503534778628,0.06132600212041488,0.46265373462653736,studentized,0.44645535446455353,0.46265373462653736,-0.1386171646379365,0.08421200530485662,10000,estimated,0.7789221077892211,False,
oni,observable,cold,candidates,Sorghum,15,17,-0.027187257085913814,-0.04282919530636509,0.4666666666666667,negative,True,0.06279327928635052,-0.432964441336695,0.95,-0.1475428559032086,0.09419925216565564,0.6679332066793321,studentized,0.6573342665733427,0.6679332066793321,-0.16993479060421915,0.11161396614197293,10000,estimated,0.8204779522047795,False,
oni,observable,cold,candidates,Soybeans,17,17,-0.02350267863659578,-0.11228779273971756,0.35294117647058826,negative,True,0.048679822854388335,-0.4828012358815945,0.95,-0.11132313604936633,0.0732873243537256,0.6331366863313669,studentized,0.6275372462753724,0.6331366863313669,-0.11522567696199938,0.10410810540515342,10000,estimated,0.8204779522047795,False,
oni,observable,cold,candidates,"Sugar, world",17,17,0.267688870565596,0.11543612489708321,0.6470588235294118,positive,True,0.17088971401003636,1.5664422643359015,0.95,-0.030038095142869377,0.6109234844683362,0.1484851514848515,studentized,0.10268973102689731,0.1484851514848515,-0.02700952701678988,0.854688992635536,10000,estimated,0.38373085768346243,False,
oni,observable,cold,candidates,"Tea, avg 3 auctions",17,17,0.04094645232965976,0.03258686302882241,0.5294117647058824,positive,True,0.041336228158303345,0.9905706000278768,0.95,-0.03943051826275865,0.11855871130482082,0.33356664333566644,studentized,0.30756924307569244,0.33356664333566644,-0.04459765042477316,0.13453209019710438,10000,estimated,0.6254374562543745,False,
oni,observable,cold,candidates,"Tobacco, US import u.v.",17,17,0.05464993980857068,0.012785003254886629,0.6470588235294118,positive,True,0.024543912234545284,2.2266189385916846,0.95,0.008836881828136987,0.10255717707357768,0.0466953304669533,studentized,0.020097990200979902,0.0466953304669533,0.006995702572864998,0.11552525597013436,10000,estimated,0.20783635922122073,False,
oni,observable,cold,candidates,Urea,17,17,0.4790466851071308,0.27121156259118995,0.7647058823529411,positive,True,0.22063793118309027,2.171189162889708,0.95,0.10386690804166065,0.9363717036575322,0.09019098090190981,studentized,0.0244975502449755,0.09019098090190981,0.12648121815387686,1.2827197762228488,10000,estimated,0.300636603006366,False,
oni,observable,cold,candidates,"Wheat, US HRW",17,17,-0.10016385577547524,-0.1154080399152736,0.23529411764705882,negative,True,0.03472385355543802,-2.8845835216866016,0.95,-0.1638225608454617,-0.032262602591293835,0.016698330166983303,studentized,0.0030996900309969004,0.016698330166983303,-0.16808054407594647,-0.01695154147770242,10000,estimated,0.20783635922122073,False,
oni,observable,cold,controls,Gold,17,17,0.0928371185467818,0.03612039054738214,0.5882352941176471,positive,True,0.06678895248547054,1.3900071058455041,0.95,-0.025829756668465674,0.2258569582706743,0.18818118188181182,studentized,0.15158484151584842,0.18818118188181182,-0.02911922769144107,0.27394891960795614,10000,estimated,,,False
oni,observable,cold,controls,Platinum,17,17,0.030647570776755544,-0.03236844830526553,0.4117647058823529,positive,False,0.0602436567443495,0.5087269338050284,0.95,-0.07802231534160546,0.150688343575172,0.6155384461553844,studentized,0.5972402759724028,0.6155384461553844,-0.08151645634819414,0.17883503833879122,10000,estimated,,,False
oni,observable,cold,controls,Silver,17,17,0.23730162418824025,0.057020278086607146,0.5882352941176471,positive,True,0.1678050993728289,1.414150255714245,0.95,-0.04061303665623663,0.595163299313659,0.21157884211578842,studentized,0.1394860513948605,0.21157884211578842,-0.03021378490805876,1.0157446119213653,10000,estimated,,,False
