treatment,kind,episodes,correlation_with_primary_index,candidates_passing_gates,candidates_rejecting_bootstrap_fdr,controls_rejecting_bootstrap_raw,controls_rejecting_placebo_raw
roni,reference,22,1.0,9,11,3,3
dmi,external_climate_index,13,0.21442668525477393,0,0,0,0
pdo,external_climate_index,16,0.380069535084137,0,0,1,0
nao,external_climate_index,4,-0.003154056204278421,0,0,0,0
amo,external_climate_index,19,-0.11122752341176431,0,0,0,2
phase_randomized_0000,phase_randomized,22,-0.07763533432792913,0,0,1,1
phase_randomized_0001,phase_randomized,22,-0.025519561228134396,0,0,0,2
phase_randomized_0002,phase_randomized,22,-0.08571966593625278,0,0,1,2
phase_randomized_0003,phase_randomized,16,-0.19657026579307976,0,0,0,2
phase_randomized_0004,phase_randomized,19,0.2384380466076692,1,1,1,1
phase_randomized_0005,phase_randomized,22,0.15660573985592077,1,1,0,1
phase_randomized_0006,phase_randomized,22,-0.06510333157353504,0,0,1,3
phase_randomized_0007,phase_randomized,21,0.14385294811537883,0,0,1,3
phase_randomized_0008,phase_randomized,23,0.10923816594995223,0,0,0,2
phase_randomized_0009,phase_randomized,25,-0.03609156188384934,0,0,0,3
phase_randomized_0010,phase_randomized,21,-0.06938303987057882,0,0,0,0
phase_randomized_0011,phase_randomized,25,0.015452705210357517,1,1,0,1
phase_randomized_0012,phase_randomized,21,-0.20789173109236467,0,0,1,2
phase_randomized_0013,phase_randomized,20,0.15275530034867596,0,0,0,0
phase_randomized_0014,phase_randomized,20,-0.037374809469936064,0,0,0,2
phase_randomized_0015,phase_randomized,17,-0.03758774739674501,0,0,0,1
phase_randomized_0016,phase_randomized,19,0.06704591850140706,0,0,2,1
phase_randomized_0017,phase_randomized,24,0.11535560509153,0,0,0,2
phase_randomized_0018,phase_randomized,18,-0.03720568547838322,0,0,1,2
phase_randomized_0019,phase_randomized,22,-0.13692436784230155,1,3,0,1
phase_randomized_0020,phase_randomized,21,0.12126876353097833,0,0,1,1
phase_randomized_0021,phase_randomized,22,-0.12965627582435027,0,0,0,1
phase_randomized_0022,phase_randomized,23,0.24057078062636417,1,1,0,1
phase_randomized_0023,phase_randomized,21,-0.20737794772518936,0,0,0,0
phase_randomized_0024,phase_randomized,22,-0.10929077634584398,0,0,0,3
phase_randomized_0025,phase_randomized,23,0.3264433955455248,1,3,0,0
phase_randomized_0026,phase_randomized,23,-0.16534696176490238,0,0,0,0
phase_randomized_0027,phase_randomized,22,-0.09317767767324911,1,1,2,3
phase_randomized_0028,phase_randomized,22,0.016211360818929287,0,0,0,0
phase_randomized_0029,phase_randomized,19,0.18066942706795952,0,0,0,0
phase_randomized_0030,phase_randomized,24,0.08588428356523284,0,0,2,3
phase_randomized_0031,phase_randomized,21,0.07894579305761626,1,1,0,1
phase_randomized_0032,phase_randomized,19,0.007825952306807092,0,0,0,0
phase_randomized_0033,phase_randomized,25,-0.21468027207154022,0,0,0,1
phase_randomized_0034,phase_randomized,24,0.16829659245688425,0,0,0,2
phase_randomized_0035,phase_randomized,19,0.002289848647970903,0,0,0,1
phase_randomized_0036,phase_randomized,19,-0.08619273208593874,0,0,0,1
phase_randomized_0037,phase_randomized,23,0.04864685178791317,3,3,0,2
phase_randomized_0038,phase_randomized,16,0.010453052240775166,0,0,1,1
phase_randomized_0039,phase_randomized,21,-0.09412361932562258,0,0,0,1
phase_randomized_0040,phase_randomized,20,0.033066091315107286,0,0,0,1
phase_randomized_0041,phase_randomized,20,0.12387340982384551,0,0,1,2
phase_randomized_0042,phase_randomized,20,-0.002999270245952922,0,0,1,3
phase_randomized_0043,phase_randomized,22,-0.385350105055,0,0,2,3
phase_randomized_0044,phase_randomized,21,0.07460575483947357,0,1,0,0
phase_randomized_0045,phase_randomized,18,0.15493734249568017,0,0,0,1
phase_randomized_0046,phase_randomized,23,-0.027441894713489536,0,0,0,3
phase_randomized_0047,phase_randomized,25,-0.14121658689652633,0,0,0,1
phase_randomized_0048,phase_randomized,22,-0.13936987812723411,0,0,1,1
phase_randomized_0049,phase_randomized,25,-0.18879513923871752,0,1,0,0
phase_randomized_0050,phase_randomized,26,0.0234998320613404,0,0,0,2
phase_randomized_0051,phase_randomized,18,0.1550886618123426,0,0,0,1
phase_randomized_0052,phase_randomized,21,-0.08766539389433424,0,0,0,2
phase_randomized_0053,phase_randomized,23,0.12711913734160915,0,0,0,2
phase_randomized_0054,phase_randomized,23,-0.0817362861641369,0,0,1,2
phase_randomized_0055,phase_randomized,23,0.08611302596505348,0,0,1,1
phase_randomized_0056,phase_randomized,19,0.10362319445026219,0,0,0,0
phase_randomized_0057,phase_randomized,25,0.12350129928984786,0,0,2,2
phase_randomized_0058,phase_randomized,19,-0.04452753928297931,0,0,1,3
phase_randomized_0059,phase_randomized,21,-0.03204380866205931,0,1,1,2
phase_randomized_0060,phase_randomized,21,-0.17655911442526226,0,0,0,3
phase_randomized_0061,phase_randomized,23,0.09366573269479989,0,0,0,1
phase_randomized_0062,phase_randomized,16,0.06063569291218533,0,0,0,2
phase_randomized_0063,phase_randomized,24,0.13875869719031572,0,0,0,2
phase_randomized_0064,phase_randomized,19,-0.011390051482261129,0,0,0,0
phase_randomized_0065,phase_randomized,20,0.108534123686894,0,1,0,1
phase_randomized_0066,phase_randomized,21,-0.3039264387739802,5,5,0,2
phase_randomized_0067,phase_randomized,24,0.018715842247168192,0,0,0,0
phase_randomized_0068,phase_randomized,20,-0.1943424984582653,0,0,0,3
phase_randomized_0069,phase_randomized,20,-0.023715593786243046,0,0,0,0
phase_randomized_0070,phase_randomized,17,-0.08255415809686532,0,0,0,1
phase_randomized_0071,phase_randomized,23,0.024541189485627432,0,0,0,1
phase_randomized_0072,phase_randomized,19,-0.10319956384280668,0,1,0,0
phase_randomized_0073,phase_randomized,21,-0.20716236982885305,0,0,0,1
phase_randomized_0074,phase_randomized,18,0.10233520037068179,0,0,0,0
phase_randomized_0075,phase_randomized,23,-0.1574990844091896,0,1,0,1
phase_randomized_0076,phase_randomized,24,0.18212738996947758,0,0,0,0
phase_randomized_0077,phase_randomized,20,-0.4428890035270613,0,0,0,1
phase_randomized_0078,phase_randomized,19,0.0179714829050162,0,0,0,0
phase_randomized_0079,phase_randomized,21,-0.10023490265592257,0,0,0,1
phase_randomized_0080,phase_randomized,20,-0.029868984755904493,0,0,1,2
phase_randomized_0081,phase_randomized,19,0.006789583112541698,0,0,0,0
phase_randomized_0082,phase_randomized,24,-0.09287123045464617,0,0,1,3
phase_randomized_0083,phase_randomized,18,0.16144285864784413,0,0,0,0
phase_randomized_0084,phase_randomized,22,0.013582161063127278,0,0,2,2
phase_randomized_0085,phase_randomized,21,-0.06673573744353548,0,0,0,1
phase_randomized_0086,phase_randomized,27,-0.06819662684653123,0,0,0,1
phase_randomized_0087,phase_randomized,20,0.06753570720440834,2,2,0,1
phase_randomized_0088,phase_randomized,23,-0.160193128596687,0,0,0,0
phase_randomized_0089,phase_randomized,22,-0.0844189045677154,0,1,1,1
phase_randomized_0090,phase_randomized,23,-0.14732370289396635,0,0,0,2
phase_randomized_0091,phase_randomized,19,-0.04655418361287657,0,0,0,1
phase_randomized_0092,phase_randomized,23,-0.2475511414098551,0,0,0,1
phase_randomized_0093,phase_randomized,24,0.1996687245251526,0,0,0,1
phase_randomized_0094,phase_randomized,20,-0.3299530791319919,0,0,0,0
phase_randomized_0095,phase_randomized,23,-0.009627602480759546,0,1,0,0
phase_randomized_0096,phase_randomized,17,0.06912548973361407,0,0,0,0
phase_randomized_0097,phase_randomized,18,0.19893440106442256,0,0,0,1
phase_randomized_0098,phase_randomized,21,-0.28836889040122404,0,0,0,1
phase_randomized_0099,phase_randomized,23,0.1738977403433429,8,8,1,1
phase_randomized_0100,phase_randomized,20,0.11666765341610977,0,0,0,0
phase_randomized_0101,phase_randomized,15,0.16143422384789485,0,0,0,0
phase_randomized_0102,phase_randomized,22,0.02642303602945577,1,1,2,0
phase_randomized_0103,phase_randomized,26,0.04289200637831362,0,1,2,1
phase_randomized_0104,phase_randomized,20,0.09423020835931006,0,0,1,1
phase_randomized_0105,phase_randomized,23,-0.03713327235259804,0,0,0,2
phase_randomized_0106,phase_randomized,24,0.08739455876793892,2,2,0,1
phase_randomized_0107,phase_randomized,22,-0.15396854771087373,0,0,0,1
phase_randomized_0108,phase_randomized,23,0.03384366530048268,0,0,0,1
phase_randomized_0109,phase_randomized,19,-0.07128235440769298,0,0,1,1
phase_randomized_0110,phase_randomized,25,0.26352572346141556,0,0,0,2
phase_randomized_0111,phase_randomized,21,0.04476591437166883,0,0,0,2
phase_randomized_0112,phase_randomized,20,-0.13565265815562802,0,0,0,0
phase_randomized_0113,phase_randomized,22,-0.015799112556046657,0,0,0,1
phase_randomized_0114,phase_randomized,22,-0.1702938126908155,0,0,1,2
phase_randomized_0115,phase_randomized,22,0.07446002436322653,0,0,0,0
phase_randomized_0116,phase_randomized,21,0.021667995855950944,0,0,0,1
phase_randomized_0117,phase_randomized,22,-0.29766475837506623,0,0,1,3
phase_randomized_0118,phase_randomized,25,0.10208831602777828,0,0,0,3
phase_randomized_0119,phase_randomized,19,-0.17467999278953406,0,0,0,2
phase_randomized_0120,phase_randomized,23,0.009065857750178381,0,0,0,1
phase_randomized_0121,phase_randomized,22,-0.08622240795877129,0,0,0,2
phase_randomized_0122,phase_randomized,19,-0.15417740024218737,0,0,0,1
phase_randomized_0123,phase_randomized,23,0.10308513364301902,1,1,0,3
phase_randomized_0124,phase_randomized,21,0.26972775064454513,1,1,0,1
phase_randomized_0125,phase_randomized,18,0.0730975731153149,0,0,0,2
phase_randomized_0126,phase_randomized,21,-0.11465882986573682,0,0,1,1
phase_randomized_0127,phase_randomized,18,0.03871672767542327,0,0,0,3
phase_randomized_0128,phase_randomized,21,-0.03592373131672208,0,0,0,2
phase_randomized_0129,phase_randomized,20,-0.1262195043245938,0,0,1,1
phase_randomized_0130,phase_randomized,21,-0.12867566847495285,0,0,1,1
phase_randomized_0131,phase_randomized,18,-0.1824192417636586,0,0,1,1
phase_randomized_0132,phase_randomized,21,-0.020920930434524705,0,0,0,0
phase_randomized_0133,phase_randomized,21,0.029088333192140412,0,0,0,0
phase_randomized_0134,phase_randomized,18,0.15473765873952103,0,0,0,3
phase_randomized_0135,phase_randomized,20,-0.04343570151428814,0,0,0,0
phase_randomized_0136,phase_randomized,19,-0.1466636271187276,0,0,0,0
phase_randomized_0137,phase_randomized,18,0.034434658539202315,2,2,3,3
phase_randomized_0138,phase_randomized,19,-0.009409393139350342,0,0,2,0
phase_randomized_0139,phase_randomized,23,0.05067274569677001,0,0,0,2
phase_randomized_0140,phase_randomized,22,0.24351937428368933,3,3,0,0
phase_randomized_0141,phase_randomized,23,0.19325079684796306,0,0,0,2
phase_randomized_0142,phase_randomized,20,0.12454585557168182,0,0,0,0
phase_randomized_0143,phase_randomized,18,-0.11152115649052849,0,0,1,0
phase_randomized_0144,phase_randomized,19,-0.12976420241111564,0,0,0,0
phase_randomized_0145,phase_randomized,20,-0.13853073210856195,0,0,3,3
phase_randomized_0146,phase_randomized,22,-0.14520098950771368,2,2,2,3
phase_randomized_0147,phase_randomized,19,0.11846771178317232,0,1,0,0
phase_randomized_0148,phase_randomized,19,-0.014895176688819354,0,0,0,1
phase_randomized_0149,phase_randomized,23,0.08572777507082426,1,1,0,0
phase_randomized_0150,phase_randomized,18,0.21102790287035922,0,0,0,1
phase_randomized_0151,phase_randomized,25,-0.07138240160030311,0,0,0,1
phase_randomized_0152,phase_randomized,21,0.10654243525520221,0,0,0,0
phase_randomized_0153,phase_randomized,20,0.028604534573299843,0,0,0,2
phase_randomized_0154,phase_randomized,23,0.1986965406031081,2,2,0,2
phase_randomized_0155,phase_randomized,20,-0.1393469512350079,0,0,2,3
phase_randomized_0156,phase_randomized,24,-0.05308500917570719,0,0,0,0
phase_randomized_0157,phase_randomized,23,-0.3206471261563025,0,0,0,1
phase_randomized_0158,phase_randomized,23,-0.13336734635717243,0,0,0,1
phase_randomized_0159,phase_randomized,22,-0.15130564193011384,0,0,0,0
phase_randomized_0160,phase_randomized,19,-0.12377357693736847,0,0,0,1
phase_randomized_0161,phase_randomized,23,-0.0068970260225709405,0,0,0,2
phase_randomized_0162,phase_randomized,20,0.059151910110659595,2,2,0,2
phase_randomized_0163,phase_randomized,22,-0.07601703849015523,0,0,3,3
phase_randomized_0164,phase_randomized,21,-0.1008310894695699,0,0,0,3
phase_randomized_0165,phase_randomized,22,-0.1655223598981261,0,0,0,0
phase_randomized_0166,phase_randomized,17,-0.1261760175901996,0,0,0,1
phase_randomized_0167,phase_randomized,23,-0.23163038380983883,0,0,0,3
phase_randomized_0168,phase_randomized,22,-0.07359158422749944,0,0,0,2
phase_randomized_0169,phase_randomized,17,0.10529808832308726,0,0,0,0
phase_randomized_0170,phase_randomized,27,0.23847809694328162,8,10,0,2
phase_randomized_0171,phase_randomized,20,-0.0025392974651338197,0,0,0,0
phase_randomized_0172,phase_randomized,20,-0.07741269898543969,1,2,0,2
phase_randomized_0173,phase_randomized,20,-0.09435511567532645,0,0,0,0
phase_randomized_0174,phase_randomized,21,0.08568073469424793,0,0,0,1
phase_randomized_0175,phase_randomized,23,-0.1891236934103416,0,0,0,1
phase_randomized_0176,phase_randomized,21,-0.26122165816370385,0,0,1,1
phase_randomized_0177,phase_randomized,24,0.1692951205116801,3,3,0,3
phase_randomized_0178,phase_randomized,17,-0.039544156587123167,0,0,0,0
phase_randomized_0179,phase_randomized,20,0.2468283590276335,0,0,0,0
phase_randomized_0180,phase_randomized,22,-0.12018845858496358,0,0,1,1
phase_randomized_0181,phase_randomized,23,-0.20458540175248918,0,0,0,0
phase_randomized_0182,phase_randomized,20,-0.07463184841904709,1,2,2,3
phase_randomized_0183,phase_randomized,20,0.027365548816032773,0,0,0,0
phase_randomized_0184,phase_randomized,20,0.09346739149510494,0,0,1,0
phase_randomized_0185,phase_randomized,14,-0.15344378624762678,0,0,0,0
phase_randomized_0186,phase_randomized,22,-0.026696506846089513,1,2,0,0
phase_randomized_0187,phase_randomized,23,-0.08343298476046691,0,0,0,1
phase_randomized_0188,phase_randomized,24,0.030334843255411855,1,1,0,0
phase_randomized_0189,phase_randomized,19,-0.16083095705651437,0,0,0,0
phase_randomized_0190,phase_randomized,18,0.017217776220483042,0,0,0,2
phase_randomized_0191,phase_randomized,21,-0.15563817225881885,0,0,1,3
phase_randomized_0192,phase_randomized,21,0.16530293207368527,0,0,0,2
phase_randomized_0193,phase_randomized,20,-0.12446738981706801,0,0,1,0
phase_randomized_0194,phase_randomized,21,0.011681352291807171,1,1,0,1
phase_randomized_0195,phase_randomized,20,-0.0600809689146179,0,0,0,0
phase_randomized_0196,phase_randomized,21,0.0229430438841573,4,4,0,2
phase_randomized_0197,phase_randomized,20,0.08798535767611083,1,1,1,0
phase_randomized_0198,phase_randomized,20,-0.10311827133253848,0,0,1,2
phase_randomized_0199,phase_randomized,22,-0.14229552951249888,0,0,0,1
seasonal_preserving_0000,seasonal_preserving,15,0.07150175108205158,0,0,0,0
seasonal_preserving_0001,seasonal_preserving,18,-0.1334220992031417,0,0,1,1
seasonal_preserving_0002,seasonal_preserving,23,-0.2198054928050496,0,0,1,3
seasonal_preserving_0003,seasonal_preserving,22,0.03329679570920122,0,0,0,0
seasonal_preserving_0004,seasonal_preserving,20,-0.230165226469843,0,0,1,0
seasonal_preserving_0005,seasonal_preserving,22,-0.13898120229658223,3,3,0,1
seasonal_preserving_0006,seasonal_preserving,20,0.11427356303280148,0,0,0,2
seasonal_preserving_0007,seasonal_preserving,20,0.013937009700457944,0,0,2,3
seasonal_preserving_0008,seasonal_preserving,20,0.04588662826301144,0,0,0,1
seasonal_preserving_0009,seasonal_preserving,18,0.35114225739045996,0,0,0,0
seasonal_preserving_0010,seasonal_preserving,23,-0.15308101821199677,1,1,0,2
seasonal_preserving_0011,seasonal_preserving,23,-0.010538006322664854,0,0,2,3
seasonal_preserving_0012,seasonal_preserving,21,-0.12195528621606383,0,0,1,0
seasonal_preserving_0013,seasonal_preserving,22,-0.08993880662828799,0,0,0,2
seasonal_preserving_0014,seasonal_preserving,21,-0.032276850421546155,0,0,0,0
seasonal_preserving_0015,seasonal_preserving,19,-0.09801504418543673,0,0,0,1
seasonal_preserving_0016,seasonal_preserving,21,-0.04976770970788277,4,4,0,2
seasonal_preserving_0017,seasonal_preserving,22,0.015115828219099264,1,1,0,1
seasonal_preserving_0018,seasonal_preserving,22,0.03436204934557262,0,0,1,1
seasonal_preserving_0019,seasonal_preserving,21,-0.17989955791660453,0,0,1,0
seasonal_preserving_0020,seasonal_preserving,21,0.0009666808005672719,0,0,0,0
seasonal_preserving_0021,seasonal_preserving,21,0.01231042095667668,1,1,0,1
seasonal_preserving_0022,seasonal_preserving,23,0.1647858596819901,1,1,2,1
seasonal_preserving_0023,seasonal_preserving,17,0.12522361219580772,0,0,0,1
seasonal_preserving_0024,seasonal_preserving,21,-0.039756949881104314,0,0,0,3
seasonal_preserving_0025,seasonal_preserving,24,-0.06238959831109995,0,0,0,1
seasonal_preserving_0026,seasonal_preserving,16,0.1098196998783535,0,0,0,0
seasonal_preserving_0027,seasonal_preserving,22,0.021876225527198326,0,0,0,1
seasonal_preserving_0028,seasonal_preserving,23,-0.17358071319295496,0,0,3,2
seasonal_preserving_0029,seasonal_preserving,23,-0.13506840806931056,0,0,0,0
seasonal_preserving_0030,seasonal_preserving,21,-0.3329226675661245,0,0,0,2
seasonal_preserving_0031,seasonal_preserving,25,-0.17942133368178753,2,2,2,0
seasonal_preserving_0032,seasonal_preserving,22,0.011181026950464907,0,0,0,2
seasonal_preserving_0033,seasonal_preserving,18,0.00899651949236352,0,0,1,2
seasonal_preserving_0034,seasonal_preserving,21,0.17776286175450162,3,3,3,0
seasonal_preserving_0035,seasonal_preserving,23,0.22218376358432515,0,0,0,1
seasonal_preserving_0036,seasonal_preserving,17,0.1391127234680466,0,0,0,0
seasonal_preserving_0037,seasonal_preserving,23,0.07088756180363164,0,0,1,1
seasonal_preserving_0038,seasonal_preserving,22,-0.18413561304731318,0,0,1,3
seasonal_preserving_0039,seasonal_preserving,21,0.11057656958431755,0,0,2,3
seasonal_preserving_0040,seasonal_preserving,22,-0.08840866212612267,0,0,0,0
seasonal_preserving_0041,seasonal_preserving,20,-0.05010038063645403,0,0,0,2
seasonal_preserving_0042,seasonal_preserving,18,0.17682648434811132,0,0,0,1
seasonal_preserving_0043,seasonal_preserving,22,-0.02779271533907112,1,1,0,0
seasonal_preserving_0044,seasonal_preserving,23,0.06615418591745093,0,0,0,0
seasonal_preserving_0045,seasonal_preserving,23,0.04027618682149619,0,0,0,2
seasonal_preserving_0046,seasonal_preserving,20,0.017942954777128792,0,0,0,2
seasonal_preserving_0047,seasonal_preserving,24,0.15573361135517655,0,0,1,0
seasonal_preserving_0048,seasonal_preserving,21,-0.03898570866496901,3,3,0,2
seasonal_preserving_0049,seasonal_preserving,18,0.10009337159180566,0,0,0,3
seasonal_preserving_0050,seasonal_preserving,19,0.0730028404311004,0,0,1,0
seasonal_preserving_0051,seasonal_preserving,20,-0.13687466516432573,0,0,0,0
seasonal_preserving_0052,seasonal_preserving,16,0.012762071088441363,0,0,0,1
seasonal_preserving_0053,seasonal_preserving,19,0.02151597481669369,0,0,1,2
seasonal_preserving_0054,seasonal_preserving,18,0.18034671649548437,0,0,0,2
seasonal_preserving_0055,seasonal_preserving,22,-0.02856382872056159,0,0,0,1
seasonal_preserving_0056,seasonal_preserving,20,-0.19796791343130096,0,0,0,3
seasonal_preserving_0057,seasonal_preserving,19,-0.02675092617025951,0,0,0,2
seasonal_preserving_0058,seasonal_preserving,20,0.11642323686013242,0,0,0,1
seasonal_preserving_0059,seasonal_preserving,20,0.011804858332880364,0,0,0,1
seasonal_preserving_0060,seasonal_preserving,20,0.055971025080466835,1,1,0,0
seasonal_preserving_0061,seasonal_preserving,22,0.09487893024140817,1,1,0,1
seasonal_preserving_0062,seasonal_preserving,19,0.032465205354740914,0,0,0,1
seasonal_preserving_0063,seasonal_preserving,24,-0.014600693768778174,4,4,1,2
seasonal_preserving_0064,seasonal_preserving,20,-0.010484072956328723,0,0,0,1
seasonal_preserving_0065,seasonal_preserving,26,-0.05677406794335489,0,0,0,3
seasonal_preserving_0066,seasonal_preserving,23,0.010464407449322049,0,0,2,2
seasonal_preserving_0067,seasonal_preserving,23,0.23046422269821779,0,0,0,2
seasonal_preserving_0068,seasonal_preserving,23,0.19434303594501076,0,0,0,3
seasonal_preserving_0069,seasonal_preserving,20,-0.13656562713892764,0,0,0,1
seasonal_preserving_0070,seasonal_preserving,20,0.10350582516019842,0,0,1,1
seasonal_preserving_0071,seasonal_preserving,21,-0.19112916479625836,0,0,2,1
seasonal_preserving_0072,seasonal_preserving,19,0.2999084721155166,0,0,0,1
seasonal_preserving_0073,seasonal_preserving,20,0.14923038590174076,1,1,1,1
seasonal_preserving_0074,seasonal_preserving,24,-0.08058546796505996,0,0,0,3
seasonal_preserving_0075,seasonal_preserving,18,-0.0990145788869319,0,0,0,2
seasonal_preserving_0076,seasonal_preserving,24,-0.14584338558406326,0,0,0,2
seasonal_preserving_0077,seasonal_preserving,20,0.09574454031200903,0,0,1,2
seasonal_preserving_0078,seasonal_preserving,23,-0.16781002898269617,0,0,1,2
seasonal_preserving_0079,seasonal_preserving,21,0.013062834507730096,0,0,0,1
seasonal_preserving_0080,seasonal_preserving,19,0.01864018793396973,0,0,1,2
seasonal_preserving_0081,seasonal_preserving,17,0.1254387091111809,0,0,0,0
seasonal_preserving_0082,seasonal_preserving,22,0.06492050008051886,0,0,0,0
seasonal_preserving_0083,seasonal_preserving,21,0.0819718527076143,0,0,1,1
seasonal_preserving_0084,seasonal_preserving,27,0.09054219744364787,0,0,2,2
seasonal_preserving_0085,seasonal_preserving,22,0.06312647032020945,4,5,1,1
seasonal_preserving_0086,seasonal_preserving,20,-0.10891114992229041,0,0,0,2
seasonal_preserving_0087,seasonal_preserving,23,0.00539812145031219,0,0,1,2
seasonal_preserving_0088,seasonal_preserving,23,-0.04128408273618597,0,0,0,2
seasonal_preserving_0089,seasonal_preserving,20,0.030002751216234233,0,0,0,2
seasonal_preserving_0090,seasonal_preserving,20,0.04801969008815185,0,0,0,1
seasonal_preserving_0091,seasonal_preserving,22,0.11691909362489143,0,0,0,0
seasonal_preserving_0092,seasonal_preserving,22,-0.01796955392003829,0,0,0,2
seasonal_preserving_0093,seasonal_preserving,23,-0.0012331043063612186,0,0,0,0
seasonal_preserving_0094,seasonal_preserving,19,0.3712767926840475,0,0,0,1
seasonal_preserving_0095,seasonal_preserving,24,-0.20739766890337588,2,4,1,0
seasonal_preserving_0096,seasonal_preserving,21,-0.005649222563170678,0,0,1,2
seasonal_preserving_0097,seasonal_preserving,20,0.1561171666812911,0,0,0,0
seasonal_preserving_0098,seasonal_preserving,18,0.19119892389950185,0,0,0,1
seasonal_preserving_0099,seasonal_preserving,19,0.166366106431644,0,0,0,2
seasonal_preserving_0100,seasonal_preserving,22,0.02988003259766199,0,0,1,1
seasonal_preserving_0101,seasonal_preserving,22,0.20392900328234503,0,0,0,2
seasonal_preserving_0102,seasonal_preserving,19,-0.07537075308321736,0,0,1,1
seasonal_preserving_0103,seasonal_preserving,20,0.2580021869077657,0,0,0,2
seasonal_preserving_0104,seasonal_preserving,21,-0.15225700079231017,1,1,0,1
seasonal_preserving_0105,seasonal_preserving,19,-0.18675605294082312,0,0,1,0
seasonal_preserving_0106,seasonal_preserving,17,0.016466130875789617,0,0,0,2
seasonal_preserving_0107,seasonal_preserving,24,0.2334740300871296,0,0,0,2
seasonal_preserving_0108,seasonal_preserving,22,-0.027399941642149313,0,0,0,1
seasonal_preserving_0109,seasonal_preserving,17,-0.14135224014368988,0,0,0,0
seasonal_preserving_0110,seasonal_preserving,17,0.039137022763061045,0,0,2,2
seasonal_preserving_0111,seasonal_preserving,22,-0.0437386420675702,1,2,0,0
seasonal_preserving_0112,seasonal_preserving,18,0.09692692714227533,1,1,2,0
seasonal_preserving_0113,seasonal_preserving,18,-0.002031195332753131,0,0,0,0
seasonal_preserving_0114,seasonal_preserving,18,-0.012425703935412652,0,0,0,2
seasonal_preserving_0115,seasonal_preserving,21,0.0368930084313432,0,0,0,2
seasonal_preserving_0116,seasonal_preserving,21,0.2545373911794563,0,0,0,1
seasonal_preserving_0117,seasonal_preserving,17,-0.18387597075069453,1,1,0,2
seasonal_preserving_0118,seasonal_preserving,24,-0.061081046002419544,0,0,1,1
seasonal_preserving_0119,seasonal_preserving,22,0.14298183582843532,0,0,1,1
seasonal_preserving_0120,seasonal_preserving,22,0.03992939264277469,0,0,0,2
seasonal_preserving_0121,seasonal_preserving,21,0.008924827798701573,0,0,0,1
seasonal_preserving_0122,seasonal_preserving,19,0.03282599463681858,0,0,0,0
seasonal_preserving_0123,seasonal_preserving,18,-0.24996415064237007,0,0,1,1
seasonal_preserving_0124,seasonal_preserving,15,0.0992100509247505,0,0,0,0
seasonal_preserving_0125,seasonal_preserving,19,0.18011453322413631,0,0,0,0
seasonal_preserving_0126,seasonal_preserving,22,-0.02804359691994104,0,0,0,1
seasonal_preserving_0127,seasonal_preserving,20,0.23360521953086802,1,1,0,1
seasonal_preserving_0128,seasonal_preserving,18,-0.031246686798527046,0,0,0,0
seasonal_preserving_0129,seasonal_preserving,15,0.14046150427996976,0,0,0,2
seasonal_preserving_0130,seasonal_preserving,21,0.14675064221010764,1,1,0,2
seasonal_preserving_0131,seasonal_preserving,18,-0.06541455348285165,0,0,0,0
seasonal_preserving_0132,seasonal_preserving,21,0.08566779215882438,0,0,0,0
seasonal_preserving_0133,seasonal_preserving,24,-0.023251483154243087,0,0,0,0
seasonal_preserving_0134,seasonal_preserving,20,0.0741310320824062,0,0,2,2
seasonal_preserving_0135,seasonal_preserving,20,0.16541838727377745,0,0,0,0
seasonal_preserving_0136,seasonal_preserving,20,0.17487707581442483,0,0,0,1
seasonal_preserving_0137,seasonal_preserving,20,0.056133187098143064,0,0,0,0
seasonal_preserving_0138,seasonal_preserving,21,-0.05172829354528445,0,0,0,0
seasonal_preserving_0139,seasonal_preserving,16,0.03659171954999688,0,0,0,3
seasonal_preserving_0140,seasonal_preserving,24,-0.15096748177703948,3,3,0,2
seasonal_preserving_0141,seasonal_preserving,24,-0.13587170402285803,0,0,0,0
seasonal_preserving_0142,seasonal_preserving,23,-0.025059226068679087,0,0,0,3
seasonal_preserving_0143,seasonal_preserving,22,0.07379243346195831,0,0,0,1
seasonal_preserving_0144,seasonal_preserving,16,0.029662662772830785,0,0,0,0
seasonal_preserving_0145,seasonal_preserving,21,-0.14382763274652813,0,2,1,2
seasonal_preserving_0146,seasonal_preserving,20,-0.04061028839543484,0,0,0,2
seasonal_preserving_0147,seasonal_preserving,18,-0.08026460745556097,0,0,1,1
seasonal_preserving_0148,seasonal_preserving,23,0.03466246183544265,0,0,0,0
seasonal_preserving_0149,seasonal_preserving,19,-0.18389118660074386,0,0,0,3
seasonal_preserving_0150,seasonal_preserving,19,0.22003202006116787,0,0,0,1
seasonal_preserving_0151,seasonal_preserving,23,-0.18629729511412027,0,0,0,3
seasonal_preserving_0152,seasonal_preserving,25,0.05154852769527044,0,0,1,1
seasonal_preserving_0153,seasonal_preserving,22,0.1664142831615919,0,0,0,0
seasonal_preserving_0154,seasonal_preserving,19,-0.031609761550837334,1,1,1,1
seasonal_preserving_0155,seasonal_preserving,18,-0.03007126689084992,0,0,0,0
seasonal_preserving_0156,seasonal_preserving,19,-0.04955081871665014,0,0,0,0
seasonal_preserving_0157,seasonal_preserving,25,0.02537397805285775,0,0,0,0
seasonal_preserving_0158,seasonal_preserving,22,0.001287118234260332,0,0,0,2
seasonal_preserving_0159,seasonal_preserving,21,-0.006620219486630459,3,3,1,0
seasonal_preserving_0160,seasonal_preserving,21,0.02015049553079842,0,0,1,0
seasonal_preserving_0161,seasonal_preserving,22,-0.13131349513563864,0,1,0,0
seasonal_preserving_0162,seasonal_preserving,16,-0.24583631860863828,0,0,3,3
seasonal_preserving_0163,seasonal_preserving,19,-0.03836393784046461,0,0,0,1
seasonal_preserving_0164,seasonal_preserving,21,-0.03173736608828562,0,0,0,0
seasonal_preserving_0165,seasonal_preserving,20,-0.2435904129191547,4,4,1,1
seasonal_preserving_0166,seasonal_preserving,22,-0.32545630712718804,0,0,1,1
seasonal_preserving_0167,seasonal_preserving,22,0.11108920382665986,1,1,0,2
seasonal_preserving_0168,seasonal_preserving,23,0.15134906651614793,0,0,1,1
seasonal_preserving_0169,seasonal_preserving,19,0.07737616465582596,0,2,0,0
seasonal_preserving_0170,seasonal_preserving,22,-0.08879729623931626,0,0,0,1
seasonal_preserving_0171,seasonal_preserving,19,-0.14451853506040507,0,0,0,0
seasonal_preserving_0172,seasonal_preserving,19,-0.07427177217294798,0,0,0,2
seasonal_preserving_0173,seasonal_preserving,17,-0.13836826407212918,0,0,0,0
seasonal_preserving_0174,seasonal_preserving,19,-0.009912392060236913,1,1,0,0
seasonal_preserving_0175,seasonal_preserving,19,0.1212747699900888,0,0,0,0
seasonal_preserving_0176,seasonal_preserving,20,-0.030821974299273833,0,1,1,2
seasonal_preserving_0177,seasonal_preserving,20,0.1728080577483349,1,1,0,0
seasonal_preserving_0178,seasonal_preserving,19,0.1753091174479766,1,1,0,0
seasonal_preserving_0179,seasonal_preserving,24,-0.17367994124883626,0,0,0,0
seasonal_preserving_0180,seasonal_preserving,15,-0.03184311805701264,0,1,0,0
seasonal_preserving_0181,seasonal_preserving,21,0.19658011073248036,2,2,0,2
seasonal_preserving_0182,seasonal_preserving,25,0.07442727433872356,0,0,0,2
seasonal_preserving_0183,seasonal_preserving,21,-0.13750763545896372,0,0,0,2
seasonal_preserving_0184,seasonal_preserving,20,-0.08206823804898948,0,0,0,2
seasonal_preserving_0185,seasonal_preserving,20,0.02306286133091739,0,0,0,2
seasonal_preserving_0186,seasonal_preserving,23,-0.24256761933665436,0,0,1,2
seasonal_preserving_0187,seasonal_preserving,20,0.05460902631648165,1,1,0,1
seasonal_preserving_0188,seasonal_preserving,18,-0.08998563502200926,0,0,0,2
seasonal_preserving_0189,seasonal_preserving,21,-0.10191806384071567,0,0,0,1
seasonal_preserving_0190,seasonal_preserving,22,0.07097043259065693,0,0,1,0
seasonal_preserving_0191,seasonal_preserving,22,0.07613940435762229,0,0,0,3
seasonal_preserving_0192,seasonal_preserving,17,-0.006942232181893259,0,0,0,2
seasonal_preserving_0193,seasonal_preserving,18,-0.02887055155539367,0,0,0,1
seasonal_preserving_0194,seasonal_preserving,21,0.25799058939368935,3,3,0,2
seasonal_preserving_0195,seasonal_preserving,24,-0.06438319021333797,2,3,2,2
seasonal_preserving_0196,seasonal_preserving,14,0.17685073117766958,0,0,0,1
seasonal_preserving_0197,seasonal_preserving,21,0.08760546066620682,0,0,0,1
seasonal_preserving_0198,seasonal_preserving,18,-0.02955967657313527,0,0,0,0
seasonal_preserving_0199,seasonal_preserving,18,-0.08122531404755005,0,0,0,2
